danceability,energy,key,loudness,mode,speechiness,acousticness,instrumentalness,liveness,valence,tempo,type,id,uri,track_href,analysis_url,duration_ms,time_signature
0.629,0.824,9,-6.53,1,0.159,0.155,0.000628,0.0651,0.852,128.01,audio_features,3KliPMvk1EvFZu9cvkj8p1,spotify:track:3KliPMvk1EvFZu9cvkj8p1,https://api.spotify.com/v1/tracks/3KliPMvk1EvFZu9cvkj8p1,https://api.spotify.com/v1/audio-analysis/3KliPMvk1EvFZu9cvkj8p1,247960,4
0.669,0.78,7,-4.287,0,0.053,0.0265,1.63e-06,0.143,0.738,139.945,audio_features,5ka2ajep9OAvU5Sgduhiex,spotify:track:5ka2ajep9OAvU5Sgduhiex,https://api.spotify.com/v1/tracks/5ka2ajep9OAvU5Sgduhiex,https://api.spotify.com/v1/audio-analysis/5ka2ajep9OAvU5Sgduhiex,212333,4
0.755,0.861,2,-6.614,1,0.181,0.0459,2.87e-05,0.234,0.437,129.957,audio_features,7Ch9AUCVekPV3QSaEIA6qH,spotify:track:7Ch9AUCVekPV3QSaEIA6qH,https://api.spotify.com/v1/tracks/7Ch9AUCVekPV3QSaEIA6qH,https://api.spotify.com/v1/audio-analysis/7Ch9AUCVekPV3QSaEIA6qH,218372,4
0.725,0.864,9,-5.601,1,0.0838,0.0121,0.0,0.0796,0.839,124.981,audio_features,3iEwla99ovgF0Rdla6FZm4,spotify:track:3iEwla99ovgF0Rdla6FZm4,https://api.spotify.com/v1/tracks/3iEwla99ovgF0Rdla6FZm4,https://api.spotify.com/v1/audio-analysis/3iEwla99ovgF0Rdla6FZm4,148773,4
0.859,0.828,6,-6.925,0,0.0529,0.0156,0.000828,0.0205,0.36,124.023,audio_features,0SENYBHXBj0TI1ZygWwxee,spotify:track:0SENYBHXBj0TI1ZygWwxee,https://api.spotify.com/v1/tracks/0SENYBHXBj0TI1ZygWwxee,https://api.spotify.com/v1/audio-analysis/0SENYBHXBj0TI1ZygWwxee,201013,4
0.748,0.841,7,-5.08,1,0.177,0.00445,1.33e-06,0.0413,0.717,123.045,audio_features,5pNFibJLq7dvoDVIIcQBkn,spotify:track:5pNFibJLq7dvoDVIIcQBkn,https://api.spotify.com/v1/tracks/5pNFibJLq7dvoDVIIcQBkn,https://api.spotify.com/v1/audio-analysis/5pNFibJLq7dvoDVIIcQBkn,129817,4
0.745,0.728,7,-4.686,1,0.034,0.0183,1.5e-06,0.14,0.625,124.016,audio_features,3WGJSY8JaGliVIJyMig5aS,spotify:track:3WGJSY8JaGliVIJyMig5aS,https://api.spotify.com/v1/tracks/3WGJSY8JaGliVIJyMig5aS,https://api.spotify.com/v1/audio-analysis/3WGJSY8JaGliVIJyMig5aS,189200,4
0.728,0.858,9,-3.686,1,0.0609,0.0403,4.09e-06,0.0241,0.591,125.055,audio_features,5kcE7pp02ezLZaUbbMv3Iq,spotify:track:5kcE7pp02ezLZaUbbMv3Iq,https://api.spotify.com/v1/tracks/5kcE7pp02ezLZaUbbMv3Iq,https://api.spotify.com/v1/audio-analysis/5kcE7pp02ezLZaUbbMv3Iq,205640,4
0.766,0.816,1,-5.092,1,0.152,0.0148,0.0142,0.114,0.613,153.013,audio_features,40VqYKBAJP901tpuq6WMt7,spotify:track:40VqYKBAJP901tpuq6WMt7,https://api.spotify.com/v1/tracks/40VqYKBAJP901tpuq6WMt7,https://api.spotify.com/v1/audio-analysis/40VqYKBAJP901tpuq6WMt7,204150,4
0.647,0.844,0,-3.756,1,0.0457,0.0137,0.000658,0.102,0.746,146.967,audio_features,3AzjcOeAmA57TIOr9zF1ZW,spotify:track:3AzjcOeAmA57TIOr9zF1ZW,https://api.spotify.com/v1/tracks/3AzjcOeAmA57TIOr9zF1ZW,https://api.spotify.com/v1/audio-analysis/3AzjcOeAmA57TIOr9zF1ZW,193829,4
0.735,0.944,8,-4.872,1,0.041,0.01,0.00308,0.048,0.761,129.994,audio_features,5OqmLY18KXsZR1aGrXP3ZI,spotify:track:5OqmLY18KXsZR1aGrXP3ZI,https://api.spotify.com/v1/tracks/5OqmLY18KXsZR1aGrXP3ZI,https://api.spotify.com/v1/audio-analysis/5OqmLY18KXsZR1aGrXP3ZI,256640,4
0.827,0.889,6,-5.124,0,0.131,0.0246,0.0,0.351,0.714,125.059,audio_features,17nicr4bub5sGc9Hac7hUg,spotify:track:17nicr4bub5sGc9Hac7hUg,https://api.spotify.com/v1/tracks/17nicr4bub5sGc9Hac7hUg,https://api.spotify.com/v1/audio-analysis/17nicr4bub5sGc9Hac7hUg,187200,4
0.775,0.941,1,-5.44,1,0.0621,0.0279,1.05e-06,0.0612,0.808,126.049,audio_features,5ZPm6L12nA9nK3AAIxNa3Y,spotify:track:5ZPm6L12nA9nK3AAIxNa3Y,https://api.spotify.com/v1/tracks/5ZPm6L12nA9nK3AAIxNa3Y,https://api.spotify.com/v1/audio-analysis/5ZPm6L12nA9nK3AAIxNa3Y,178253,4
0.795,0.836,0,-6.625,1,0.0797,0.106,0.00148,0.0702,0.858,124.01,audio_features,4Q6K6M0HSiRboY3C97AxD4,spotify:track:4Q6K6M0HSiRboY3C97AxD4,https://api.spotify.com/v1/tracks/4Q6K6M0HSiRboY3C97AxD4,https://api.spotify.com/v1/audio-analysis/4Q6K6M0HSiRboY3C97AxD4,229840,4
0.887,0.897,5,-4.988,0,0.221,0.0546,0.0,0.0727,0.694,120.974,audio_features,4zs5u3R2OCj846S9BfnFg1,spotify:track:4zs5u3R2OCj846S9BfnFg1,https://api.spotify.com/v1/tracks/4zs5u3R2OCj846S9BfnFg1,https://api.spotify.com/v1/audio-analysis/4zs5u3R2OCj846S9BfnFg1,205422,4
0.74,0.773,3,-5.667,0,0.062,0.00546,0.049,0.161,0.861,119.951,audio_features,4WiQmOTCwKGeq4IUKxQOZg,spotify:track:4WiQmOTCwKGeq4IUKxQOZg,https://api.spotify.com/v1/tracks/4WiQmOTCwKGeq4IUKxQOZg,https://api.spotify.com/v1/audio-analysis/4WiQmOTCwKGeq4IUKxQOZg,212733,4
0.934,0.611,1,-8.688,1,0.133,0.339,6.57e-06,0.0853,0.782,126.012,audio_features,3gWIY6WqA34ZRy8QVjTq5v,spotify:track:3gWIY6WqA34ZRy8QVjTq5v,https://api.spotify.com/v1/tracks/3gWIY6WqA34ZRy8QVjTq5v,https://api.spotify.com/v1/audio-analysis/3gWIY6WqA34ZRy8QVjTq5v,236190,4
0.772,0.598,7,-10.857,0,0.0429,0.204,0.00345,0.513,0.717,114.419,audio_features,6GS6uE1vDmtzxO8GztAR2O,spotify:track:6GS6uE1vDmtzxO8GztAR2O,https://api.spotify.com/v1/tracks/6GS6uE1vDmtzxO8GztAR2O,https://api.spotify.com/v1/audio-analysis/6GS6uE1vDmtzxO8GztAR2O,282267,4
0.693,0.887,1,-5.039,0,0.0795,0.0581,2.71e-06,0.27,0.864,114.942,audio_features,5pyoxDZ1PX0KxBxiRVxA4U,spotify:track:5pyoxDZ1PX0KxBxiRVxA4U,https://api.spotify.com/v1/tracks/5pyoxDZ1PX0KxBxiRVxA4U,https://api.spotify.com/v1/audio-analysis/5pyoxDZ1PX0KxBxiRVxA4U,278282,4
0.824,0.617,11,-4.219,1,0.0555,0.0187,0.0173,0.0865,0.601,126.045,audio_features,4KvHJkVdQQrskjVfGoYedT,spotify:track:4KvHJkVdQQrskjVfGoYedT,https://api.spotify.com/v1/tracks/4KvHJkVdQQrskjVfGoYedT,https://api.spotify.com/v1/audio-analysis/4KvHJkVdQQrskjVfGoYedT,212693,4
0.671,0.685,11,-5.762,0,0.05,0.00165,0.0,0.398,0.368,118.449,audio_features,21pySLskKIKrhDziCX5ojQ,spotify:track:21pySLskKIKrhDziCX5ojQ,https://api.spotify.com/v1/tracks/21pySLskKIKrhDziCX5ojQ,https://api.spotify.com/v1/audio-analysis/21pySLskKIKrhDziCX5ojQ,245680,4
0.682,0.919,0,-3.18,0,0.0875,0.256,0.0,0.442,0.535,95.982,audio_features,6KgBpzTuTRPebChN0VTyzV,spotify:track:6KgBpzTuTRPebChN0VTyzV,https://api.spotify.com/v1/tracks/6KgBpzTuTRPebChN0VTyzV,https://api.spotify.com/v1/audio-analysis/6KgBpzTuTRPebChN0VTyzV,159736,4
0.707,0.955,10,-4.593,0,0.222,0.127,0.0,0.202,0.575,125.989,audio_features,78qd8dvwea0Gosb6Fe6j3k,spotify:track:78qd8dvwea0Gosb6Fe6j3k,https://api.spotify.com/v1/tracks/78qd8dvwea0Gosb6Fe6j3k,https://api.spotify.com/v1/audio-analysis/78qd8dvwea0Gosb6Fe6j3k,134240,4
0.868,0.666,4,-8.532,0,0.0594,0.00452,0.00169,0.0895,0.434,105.021,audio_features,40fX0BlY8HRW9vtzFuKutC,spotify:track:40fX0BlY8HRW9vtzFuKutC,https://api.spotify.com/v1/tracks/40fX0BlY8HRW9vtzFuKutC,https://api.spotify.com/v1/audio-analysis/40fX0BlY8HRW9vtzFuKutC,322155,4
0.767,0.881,9,-3.988,1,0.0301,0.00133,0.000139,0.0551,0.961,130.018,audio_features,1mvZErZBp7WZT3HfGBykao,spotify:track:1mvZErZBp7WZT3HfGBykao,https://api.spotify.com/v1/tracks/1mvZErZBp7WZT3HfGBykao,https://api.spotify.com/v1/audio-analysis/1mvZErZBp7WZT3HfGBykao,209800,4
0.599,0.887,4,-3.967,1,0.0984,0.0192,1.21e-06,0.3,0.881,170.918,audio_features,0rIAC4PXANcKmitJfoqmVm,spotify:track:0rIAC4PXANcKmitJfoqmVm,https://api.spotify.com/v1/tracks/0rIAC4PXANcKmitJfoqmVm,https://api.spotify.com/v1/audio-analysis/0rIAC4PXANcKmitJfoqmVm,193837,4
0.75,0.7,6,-5.92,0,0.0575,0.0476,1.86e-05,0.143,0.631,124.02,audio_features,5PwKsTGNI209uLR9X8lhpd,spotify:track:5PwKsTGNI209uLR9X8lhpd,https://api.spotify.com/v1/tracks/5PwKsTGNI209uLR9X8lhpd,https://api.spotify.com/v1/audio-analysis/5PwKsTGNI209uLR9X8lhpd,177097,4
0.737,0.602,11,-5.292,1,0.204,0.0393,2.74e-06,0.236,0.88,109.039,audio_features,1jFN0stMzLepoPxvPywGZj,spotify:track:1jFN0stMzLepoPxvPywGZj,https://api.spotify.com/v1/tracks/1jFN0stMzLepoPxvPywGZj,https://api.spotify.com/v1/audio-analysis/1jFN0stMzLepoPxvPywGZj,225973,4
0.789,0.706,11,-4.233,0,0.0429,0.112,1.71e-05,0.0586,0.638,125.911,audio_features,2ENexcMEMsYk0rVJigVD3i,spotify:track:2ENexcMEMsYk0rVJigVD3i,https://api.spotify.com/v1/tracks/2ENexcMEMsYk0rVJigVD3i,https://api.spotify.com/v1/audio-analysis/2ENexcMEMsYk0rVJigVD3i,235493,4
0.674,0.882,3,-2.771,0,0.0477,0.000441,6.47e-05,0.068,0.682,123.016,audio_features,3kMrazSvILsgcwtidZd1Qd,spotify:track:3kMrazSvILsgcwtidZd1Qd,https://api.spotify.com/v1/tracks/3kMrazSvILsgcwtidZd1Qd,https://api.spotify.com/v1/audio-analysis/3kMrazSvILsgcwtidZd1Qd,205733,4
0.77,0.58,0,-8.393,1,0.247,0.519,0.000127,0.233,0.753,144.072,audio_features,741UUVE2kuITl0c6zuqqbO,spotify:track:741UUVE2kuITl0c6zuqqbO,https://api.spotify.com/v1/tracks/741UUVE2kuITl0c6zuqqbO,https://api.spotify.com/v1/audio-analysis/741UUVE2kuITl0c6zuqqbO,109750,4
0.738,0.85,8,-3.049,1,0.0642,0.105,0.0,0.23,0.865,98.013,audio_features,4Lt6GXGzYsa1tgkv3nGSTm,spotify:track:4Lt6GXGzYsa1tgkv3nGSTm,https://api.spotify.com/v1/tracks/4Lt6GXGzYsa1tgkv3nGSTm,https://api.spotify.com/v1/audio-analysis/4Lt6GXGzYsa1tgkv3nGSTm,192921,4
0.696,0.734,7,-5.294,1,0.0298,0.0485,0.0,0.183,0.711,107.987,audio_features,6T689Jvh5KrSXyaPtUWZtQ,spotify:track:6T689Jvh5KrSXyaPtUWZtQ,https://api.spotify.com/v1/tracks/6T689Jvh5KrSXyaPtUWZtQ,https://api.spotify.com/v1/audio-analysis/6T689Jvh5KrSXyaPtUWZtQ,225080,4
0.654,0.884,9,-5.466,1,0.202,0.151,0.000268,0.379,0.851,124.072,audio_features,7xjut3yY1qOBy5Fi1egX0i,spotify:track:7xjut3yY1qOBy5Fi1egX0i,https://api.spotify.com/v1/tracks/7xjut3yY1qOBy5Fi1egX0i,https://api.spotify.com/v1/audio-analysis/7xjut3yY1qOBy5Fi1egX0i,190973,4
0.735,0.466,6,-8.65,0,0.0857,0.239,6.24e-06,0.102,0.643,99.973,audio_features,0CPLnPUUHh44vAzDSM5ZlR,spotify:track:0CPLnPUUHh44vAzDSM5ZlR,https://api.spotify.com/v1/tracks/0CPLnPUUHh44vAzDSM5ZlR,https://api.spotify.com/v1/audio-analysis/0CPLnPUUHh44vAzDSM5ZlR,208600,4
0.736,0.802,7,-8.527,1,0.0663,0.00149,0.0876,0.14,0.871,119.854,audio_features,2fzykVsO2Di5jnofUNX3YE,spotify:track:2fzykVsO2Di5jnofUNX3YE,https://api.spotify.com/v1/tracks/2fzykVsO2Di5jnofUNX3YE,https://api.spotify.com/v1/audio-analysis/2fzykVsO2Di5jnofUNX3YE,225973,4
0.715,0.624,4,-3.046,0,0.114,0.11,0.0,0.123,0.412,158.087,audio_features,3HWzoMvoF3TQfYg4UPszDq,spotify:track:3HWzoMvoF3TQfYg4UPszDq,https://api.spotify.com/v1/tracks/3HWzoMvoF3TQfYg4UPszDq,https://api.spotify.com/v1/audio-analysis/3HWzoMvoF3TQfYg4UPszDq,173325,4
0.804,0.607,0,-7.171,1,0.0432,0.011,0.0694,0.16,0.384,126.001,audio_features,74APVIUFqFFM1ML6SE7xxL,spotify:track:74APVIUFqFFM1ML6SE7xxL,https://api.spotify.com/v1/tracks/74APVIUFqFFM1ML6SE7xxL,https://api.spotify.com/v1/audio-analysis/74APVIUFqFFM1ML6SE7xxL,155258,4
0.651,0.724,7,-5.457,1,0.166,0.172,0.0,0.13,0.686,144.146,audio_features,1TMWcbxL5YF8rKsFHv5hAP,spotify:track:1TMWcbxL5YF8rKsFHv5hAP,https://api.spotify.com/v1/tracks/1TMWcbxL5YF8rKsFHv5hAP,https://api.spotify.com/v1/audio-analysis/1TMWcbxL5YF8rKsFHv5hAP,187040,4
0.787,0.48,10,-12.477,0,0.45,0.0337,0.0,0.166,0.511,146.062,audio_features,191mtsBr5eC0SM31G7N2m4,spotify:track:191mtsBr5eC0SM31G7N2m4,https://api.spotify.com/v1/tracks/191mtsBr5eC0SM31G7N2m4,https://api.spotify.com/v1/audio-analysis/191mtsBr5eC0SM31G7N2m4,175890,4
0.666,0.812,6,-4.07,0,0.0647,0.0597,0.0,0.0603,0.868,145.059,audio_features,0hO71r8vbnrXSaXVrR9ptF,spotify:track:0hO71r8vbnrXSaXVrR9ptF,https://api.spotify.com/v1/tracks/0hO71r8vbnrXSaXVrR9ptF,https://api.spotify.com/v1/audio-analysis/0hO71r8vbnrXSaXVrR9ptF,211932,4
0.503,0.915,1,-2.488,0,0.136,0.128,0.0,0.227,0.763,179.002,audio_features,6WwzdsP1Y1bb4NYXpgn5CD,spotify:track:6WwzdsP1Y1bb4NYXpgn5CD,https://api.spotify.com/v1/tracks/6WwzdsP1Y1bb4NYXpgn5CD,https://api.spotify.com/v1/audio-analysis/6WwzdsP1Y1bb4NYXpgn5CD,159471,4
0.868,0.538,5,-8.603,1,0.174,0.269,3.34e-06,0.0901,0.732,99.968,audio_features,2IGMVunIBsBLtEQyoI1Mu7,spotify:track:2IGMVunIBsBLtEQyoI1Mu7,https://api.spotify.com/v1/tracks/2IGMVunIBsBLtEQyoI1Mu7,https://api.spotify.com/v1/audio-analysis/2IGMVunIBsBLtEQyoI1Mu7,231750,4
0.626,0.799,11,-6.612,0,0.046,0.000358,0.00155,0.36,0.369,98.992,audio_features,0iOu4s8w3pE9vbpb1SHXsL,spotify:track:0iOu4s8w3pE9vbpb1SHXsL,https://api.spotify.com/v1/tracks/0iOu4s8w3pE9vbpb1SHXsL,https://api.spotify.com/v1/audio-analysis/0iOu4s8w3pE9vbpb1SHXsL,274213,4
0.717,0.587,4,-7.296,0,0.0339,0.0192,0.0,0.0523,0.544,129.954,audio_features,2hdy9Wt9qp7M7d0U3ossu2,spotify:track:2hdy9Wt9qp7M7d0U3ossu2,https://api.spotify.com/v1/tracks/2hdy9Wt9qp7M7d0U3ossu2,https://api.spotify.com/v1/audio-analysis/2hdy9Wt9qp7M7d0U3ossu2,216520,4
0.8,0.71,5,-6.403,0,0.295,0.463,0.0,0.339,0.795,147.171,audio_features,0UCKUJU94sx8XBQnaNsRkB,spotify:track:0UCKUJU94sx8XBQnaNsRkB,https://api.spotify.com/v1/tracks/0UCKUJU94sx8XBQnaNsRkB,https://api.spotify.com/v1/audio-analysis/0UCKUJU94sx8XBQnaNsRkB,150664,4
0.824,0.764,5,-4.175,0,0.0854,0.0888,0.00294,0.117,0.881,107.998,audio_features,6Uj1ctrBOjOas8xZXGqKk4,spotify:track:6Uj1ctrBOjOas8xZXGqKk4,https://api.spotify.com/v1/tracks/6Uj1ctrBOjOas8xZXGqKk4,https://api.spotify.com/v1/audio-analysis/6Uj1ctrBOjOas8xZXGqKk4,172627,4
0.763,0.923,9,-3.108,0,0.191,0.103,0.0,0.105,0.934,121.074,audio_features,06VsoIC668pU516T6qrgkJ,spotify:track:06VsoIC668pU516T6qrgkJ,https://api.spotify.com/v1/tracks/06VsoIC668pU516T6qrgkJ,https://api.spotify.com/v1/audio-analysis/06VsoIC668pU516T6qrgkJ,165907,4
0.704,0.793,8,-2.266,1,0.0591,0.0488,0.0,0.575,0.412,127.96,audio_features,6F6TsdD0ijquDSjcr9lgIt,spotify:track:6F6TsdD0ijquDSjcr9lgIt,https://api.spotify.com/v1/tracks/6F6TsdD0ijquDSjcr9lgIt,https://api.spotify.com/v1/audio-analysis/6F6TsdD0ijquDSjcr9lgIt,199680,4
0.435,0.837,3,-8.126,1,0.449,0.00676,0.0,0.117,0.778,124.913,audio_features,5AyL2kgLtTWEu3qO3B9SqK,spotify:track:5AyL2kgLtTWEu3qO3B9SqK,https://api.spotify.com/v1/tracks/5AyL2kgLtTWEu3qO3B9SqK,https://api.spotify.com/v1/audio-analysis/5AyL2kgLtTWEu3qO3B9SqK,216893,4
0.764,0.705,8,-3.463,1,0.0284,0.259,8.92e-05,0.12,0.781,110.97,audio_features,3DarAbFujv6eYNliUTyqtz,spotify:track:3DarAbFujv6eYNliUTyqtz,https://api.spotify.com/v1/tracks/3DarAbFujv6eYNliUTyqtz,https://api.spotify.com/v1/audio-analysis/3DarAbFujv6eYNliUTyqtz,208667,4
0.799,0.653,2,-5.453,0,0.037,0.019,0.0,0.0935,0.236,104.019,audio_features,3vySEUpD0tc801F2WZDLYw,spotify:track:3vySEUpD0tc801F2WZDLYw,https://api.spotify.com/v1/tracks/3vySEUpD0tc801F2WZDLYw,https://api.spotify.com/v1/audio-analysis/3vySEUpD0tc801F2WZDLYw,215281,4
0.788,0.844,2,-3.131,1,0.0334,0.25,0.000678,0.0723,0.382,113.324,audio_features,6ic8OlLUNEATToEFU3xmaH,spotify:track:6ic8OlLUNEATToEFU3xmaH,https://api.spotify.com/v1/tracks/6ic8OlLUNEATToEFU3xmaH,https://api.spotify.com/v1/audio-analysis/6ic8OlLUNEATToEFU3xmaH,251240,4
0.627,0.886,5,-7.497,0,0.0345,0.000442,0.659,0.108,0.539,125.015,audio_features,60RENJe6v6uxji7VYGrGnG,spotify:track:60RENJe6v6uxji7VYGrGnG,https://api.spotify.com/v1/tracks/60RENJe6v6uxji7VYGrGnG,https://api.spotify.com/v1/audio-analysis/60RENJe6v6uxji7VYGrGnG,247933,4
0.664,0.609,1,-6.509,1,0.0707,0.304,0.0,0.0926,0.194,130.041,audio_features,3Vi5XqYrmQgOYBajMWSvCi,spotify:track:3Vi5XqYrmQgOYBajMWSvCi,https://api.spotify.com/v1/tracks/3Vi5XqYrmQgOYBajMWSvCi,https://api.spotify.com/v1/audio-analysis/3Vi5XqYrmQgOYBajMWSvCi,210560,4
0.757,0.678,8,-5.529,0,0.233,0.0472,9.14e-06,0.0654,0.82,120.075,audio_features,2hgzdQdnfWwtdpZbhZlV72,spotify:track:2hgzdQdnfWwtdpZbhZlV72,https://api.spotify.com/v1/tracks/2hgzdQdnfWwtdpZbhZlV72,https://api.spotify.com/v1/audio-analysis/2hgzdQdnfWwtdpZbhZlV72,218235,4
0.684,0.819,6,-5.072,1,0.0413,0.0259,0.0775,0.0985,0.607,122.008,audio_features,1pRShUtGOG6ZP5fsnw9G4h,spotify:track:1pRShUtGOG6ZP5fsnw9G4h,https://api.spotify.com/v1/tracks/1pRShUtGOG6ZP5fsnw9G4h,https://api.spotify.com/v1/audio-analysis/1pRShUtGOG6ZP5fsnw9G4h,199160,4
0.657,0.757,0,-5.257,0,0.0584,0.428,0.0,0.0728,0.672,122.056,audio_features,6n7rJUcwmQDestMYXoSoZF,spotify:track:6n7rJUcwmQDestMYXoSoZF,https://api.spotify.com/v1/tracks/6n7rJUcwmQDestMYXoSoZF,https://api.spotify.com/v1/audio-analysis/6n7rJUcwmQDestMYXoSoZF,170716,4
0.83,0.49,1,-8.82,0,0.209,0.289,3.04e-06,0.113,0.845,81.604,audio_features,466cKvZn1j45IpxDdYZqdA,spotify:track:466cKvZn1j45IpxDdYZqdA,https://api.spotify.com/v1/tracks/466cKvZn1j45IpxDdYZqdA,https://api.spotify.com/v1/audio-analysis/466cKvZn1j45IpxDdYZqdA,247059,4
0.725,0.807,11,-4.332,1,0.315,0.352,0.0,0.462,0.848,140.045,audio_features,6mSzsSdu0CWIV70jEjWMhI,spotify:track:6mSzsSdu0CWIV70jEjWMhI,https://api.spotify.com/v1/tracks/6mSzsSdu0CWIV70jEjWMhI,https://api.spotify.com/v1/audio-analysis/6mSzsSdu0CWIV70jEjWMhI,174857,4
0.871,0.749,8,-5.611,1,0.32,0.407,5.45e-06,0.128,0.756,139.97,audio_features,4lQ87x6SYGR9E8v28xqhh2,spotify:track:4lQ87x6SYGR9E8v28xqhh2,https://api.spotify.com/v1/tracks/4lQ87x6SYGR9E8v28xqhh2,https://api.spotify.com/v1/audio-analysis/4lQ87x6SYGR9E8v28xqhh2,180581,4
0.883,0.716,7,-8.127,1,0.414,0.435,0.0,0.0801,0.761,141.066,audio_features,1JAkXiY10vwLhSbcsiimrp,spotify:track:1JAkXiY10vwLhSbcsiimrp,https://api.spotify.com/v1/tracks/1JAkXiY10vwLhSbcsiimrp,https://api.spotify.com/v1/audio-analysis/1JAkXiY10vwLhSbcsiimrp,205106,4
0.812,0.879,1,-10.998,0,0.0397,0.0167,0.224,0.366,0.962,129.991,audio_features,5ZrDlcxIDZyjOzHdYW1ydr,spotify:track:5ZrDlcxIDZyjOzHdYW1ydr,https://api.spotify.com/v1/tracks/5ZrDlcxIDZyjOzHdYW1ydr,https://api.spotify.com/v1/audio-analysis/5ZrDlcxIDZyjOzHdYW1ydr,197960,4
0.743,0.56,11,-9.989,0,0.261,0.175,0.0,0.286,0.634,142.038,audio_features,0pvPWDLzZcWFyXO2VantXA,spotify:track:0pvPWDLzZcWFyXO2VantXA,https://api.spotify.com/v1/tracks/0pvPWDLzZcWFyXO2VantXA,https://api.spotify.com/v1/audio-analysis/0pvPWDLzZcWFyXO2VantXA,194366,4
0.826,0.66,7,-4.837,0,0.0953,0.0852,9.26e-06,0.148,0.626,104.994,audio_features,0osdzA0D159EUmBcrwMcB4,spotify:track:0osdzA0D159EUmBcrwMcB4,https://api.spotify.com/v1/tracks/0osdzA0D159EUmBcrwMcB4,https://api.spotify.com/v1/audio-analysis/0osdzA0D159EUmBcrwMcB4,203651,4
0.61,0.508,8,-6.682,0,0.152,0.297,0.0,0.384,0.758,178.818,audio_features,67BtfxlNbhBmCDR2L2l8qd,spotify:track:67BtfxlNbhBmCDR2L2l8qd,https://api.spotify.com/v1/tracks/67BtfxlNbhBmCDR2L2l8qd,https://api.spotify.com/v1/audio-analysis/67BtfxlNbhBmCDR2L2l8qd,137876,4
0.803,0.454,8,-4.802,0,0.0294,0.352,0.0,0.0655,0.739,99.99,audio_features,7k6IzwMGpxnRghE7YosnXT,spotify:track:7k6IzwMGpxnRghE7YosnXT,https://api.spotify.com/v1/tracks/7k6IzwMGpxnRghE7YosnXT,https://api.spotify.com/v1/audio-analysis/7k6IzwMGpxnRghE7YosnXT,192213,4
0.763,0.666,7,-10.844,0,0.359,0.174,0.0,0.108,0.69,143.0,audio_features,32pPek0KsHsMSSFogNu49f,spotify:track:32pPek0KsHsMSSFogNu49f,https://api.spotify.com/v1/tracks/32pPek0KsHsMSSFogNu49f,https://api.spotify.com/v1/audio-analysis/32pPek0KsHsMSSFogNu49f,174545,4
0.736,0.704,3,-7.409,0,0.0615,0.0203,0.0,0.0501,0.894,149.995,audio_features,27NovPIUIRrOZoCHxABJwK,spotify:track:27NovPIUIRrOZoCHxABJwK,https://api.spotify.com/v1/tracks/27NovPIUIRrOZoCHxABJwK,https://api.spotify.com/v1/audio-analysis/27NovPIUIRrOZoCHxABJwK,212000,4
0.702,0.825,6,-3.787,0,0.0601,0.00883,0.0,0.0674,0.915,102.977,audio_features,5nujrmhLynf4yMoMtj8AQF,spotify:track:5nujrmhLynf4yMoMtj8AQF,https://api.spotify.com/v1/tracks/5nujrmhLynf4yMoMtj8AQF,https://api.spotify.com/v1/audio-analysis/5nujrmhLynf4yMoMtj8AQF,203064,4
0.858,0.584,5,-7.48,1,0.379,0.815,0.0,0.224,0.714,140.208,audio_features,69F4G9WD5U1vKrpaCiLznl,spotify:track:69F4G9WD5U1vKrpaCiLznl,https://api.spotify.com/v1/tracks/69F4G9WD5U1vKrpaCiLznl,https://api.spotify.com/v1/audio-analysis/69F4G9WD5U1vKrpaCiLznl,182143,4
0.78,0.76,11,-4.154,1,0.0923,0.029,0.0,0.157,0.892,142.997,audio_features,13lgFanIzQVjIiVvxyAjjS,spotify:track:13lgFanIzQVjIiVvxyAjjS,https://api.spotify.com/v1/tracks/13lgFanIzQVjIiVvxyAjjS,https://api.spotify.com/v1/audio-analysis/13lgFanIzQVjIiVvxyAjjS,151826,4
0.866,0.563,11,-6.964,0,0.108,0.185,0.0,0.0889,0.307,127.954,audio_features,6Juv5N0dNU1imms9c9u1dA,spotify:track:6Juv5N0dNU1imms9c9u1dA,https://api.spotify.com/v1/tracks/6Juv5N0dNU1imms9c9u1dA,https://api.spotify.com/v1/audio-analysis/6Juv5N0dNU1imms9c9u1dA,161668,4
0.887,0.501,1,-7.982,1,0.419,0.498,0.0,0.122,0.403,145.995,audio_features,4o2Iwvz9M7qdUUaCmfrZAQ,spotify:track:4o2Iwvz9M7qdUUaCmfrZAQ,https://api.spotify.com/v1/tracks/4o2Iwvz9M7qdUUaCmfrZAQ,https://api.spotify.com/v1/audio-analysis/4o2Iwvz9M7qdUUaCmfrZAQ,163605,4
0.824,0.918,0,-2.489,1,0.245,0.487,0.0,0.0597,0.901,139.062,audio_features,5gM8W8TMQR76A08Caq6lvB,spotify:track:5gM8W8TMQR76A08Caq6lvB,https://api.spotify.com/v1/tracks/5gM8W8TMQR76A08Caq6lvB,https://api.spotify.com/v1/audio-analysis/5gM8W8TMQR76A08Caq6lvB,184856,4
0.448,0.824,5,-4.249,0,0.057,0.0739,0.0,0.113,0.419,119.965,audio_features,28xX6K8LnkZve4RiuEB3iK,spotify:track:28xX6K8LnkZve4RiuEB3iK,https://api.spotify.com/v1/tracks/28xX6K8LnkZve4RiuEB3iK,https://api.spotify.com/v1/audio-analysis/28xX6K8LnkZve4RiuEB3iK,213693,4
0.667,0.773,5,-4.983,0,0.0586,0.201,0.0,0.404,0.667,89.976,audio_features,4zYTZvtcww7OWKie7fxA9E,spotify:track:4zYTZvtcww7OWKie7fxA9E,https://api.spotify.com/v1/tracks/4zYTZvtcww7OWKie7fxA9E,https://api.spotify.com/v1/audio-analysis/4zYTZvtcww7OWKie7fxA9E,250707,4
0.847,0.944,11,-2.775,0,0.0759,0.0971,0.0,0.143,0.788,120.006,audio_features,1ia05tgMzJvSYr1jFTRXJP,spotify:track:1ia05tgMzJvSYr1jFTRXJP,https://api.spotify.com/v1/tracks/1ia05tgMzJvSYr1jFTRXJP,https://api.spotify.com/v1/audio-analysis/1ia05tgMzJvSYr1jFTRXJP,154592,4
0.737,0.802,0,-4.771,1,0.0878,0.468,0.0,0.0931,0.682,144.015,audio_features,35mvY5S1H3J2QZyna3TFe0,spotify:track:35mvY5S1H3J2QZyna3TFe0,https://api.spotify.com/v1/tracks/35mvY5S1H3J2QZyna3TFe0,https://api.spotify.com/v1/audio-analysis/35mvY5S1H3J2QZyna3TFe0,172325,4
0.727,0.83,6,-6.658,0,0.0376,0.0226,0.00356,0.73,0.899,118.002,audio_features,1jI1aLmm5HTwiMtvsbwDJw,spotify:track:1jI1aLmm5HTwiMtvsbwDJw,https://api.spotify.com/v1/tracks/1jI1aLmm5HTwiMtvsbwDJw,https://api.spotify.com/v1/audio-analysis/1jI1aLmm5HTwiMtvsbwDJw,240707,4
0.71,0.799,6,-4.897,1,0.0328,0.22,0.000602,0.349,0.725,120.372,audio_features,4y1LsJpmMti1PfRQV9AWWe,spotify:track:4y1LsJpmMti1PfRQV9AWWe,https://api.spotify.com/v1/tracks/4y1LsJpmMti1PfRQV9AWWe,https://api.spotify.com/v1/audio-analysis/4y1LsJpmMti1PfRQV9AWWe,238267,4
0.883,0.674,11,-8.043,0,0.357,0.21,0.0,0.0678,0.73,141.02,audio_features,6uvMKqNlrSvcC4NaKnrwjZ,spotify:track:6uvMKqNlrSvcC4NaKnrwjZ,https://api.spotify.com/v1/tracks/6uvMKqNlrSvcC4NaKnrwjZ,https://api.spotify.com/v1/audio-analysis/6uvMKqNlrSvcC4NaKnrwjZ,278085,4
0.865,0.85,2,-5.147,1,0.0664,0.0632,0.0,0.308,0.906,134.038,audio_features,1lZS5NcFUVEZNYSWHtfJPk,spotify:track:1lZS5NcFUVEZNYSWHtfJPk,https://api.spotify.com/v1/tracks/1lZS5NcFUVEZNYSWHtfJPk,https://api.spotify.com/v1/audio-analysis/1lZS5NcFUVEZNYSWHtfJPk,166101,4
0.761,0.518,0,-8.871,1,0.134,0.244,3.47e-05,0.107,0.522,133.976,audio_features,2SAqBLGA283SUiwJ3xOUVI,spotify:track:2SAqBLGA283SUiwJ3xOUVI,https://api.spotify.com/v1/tracks/2SAqBLGA283SUiwJ3xOUVI,https://api.spotify.com/v1/audio-analysis/2SAqBLGA283SUiwJ3xOUVI,261493,4
0.779,0.834,7,-2.773,1,0.162,0.0343,0.0,0.0886,0.8,100.46,audio_features,7JKEA8xYDoFp4q0QBW2PGg,spotify:track:7JKEA8xYDoFp4q0QBW2PGg,https://api.spotify.com/v1/tracks/7JKEA8xYDoFp4q0QBW2PGg,https://api.spotify.com/v1/audio-analysis/7JKEA8xYDoFp4q0QBW2PGg,198347,4
0.749,0.749,3,-4.639,0,0.277,0.131,8.64e-05,0.168,0.734,147.198,audio_features,1zxcCcoyCqSz55gk9noip5,spotify:track:1zxcCcoyCqSz55gk9noip5,https://api.spotify.com/v1/tracks/1zxcCcoyCqSz55gk9noip5,https://api.spotify.com/v1/audio-analysis/1zxcCcoyCqSz55gk9noip5,121005,4
0.612,0.651,2,-8.292,0,0.19,0.313,0.0,0.114,0.556,182.87,audio_features,4fRzunTZ51UC0oNwoVqiKB,spotify:track:4fRzunTZ51UC0oNwoVqiKB,https://api.spotify.com/v1/tracks/4fRzunTZ51UC0oNwoVqiKB,https://api.spotify.com/v1/audio-analysis/4fRzunTZ51UC0oNwoVqiKB,202723,3
0.901,0.472,11,-8.416,0,0.194,0.0381,0.0,0.11,0.479,120.0,audio_features,5I30ByMf5nhgbSokY1EZiN,spotify:track:5I30ByMf5nhgbSokY1EZiN,https://api.spotify.com/v1/tracks/5I30ByMf5nhgbSokY1EZiN,https://api.spotify.com/v1/audio-analysis/5I30ByMf5nhgbSokY1EZiN,254947,4
0.583,0.61,5,-5.639,0,0.0382,0.00425,0.000105,0.14,0.336,114.06,audio_features,2zFF6jG5hQArbzcXz3KUWk,spotify:track:2zFF6jG5hQArbzcXz3KUWk,https://api.spotify.com/v1/tracks/2zFF6jG5hQArbzcXz3KUWk,https://api.spotify.com/v1/audio-analysis/2zFF6jG5hQArbzcXz3KUWk,214740,4
0.903,0.327,1,-9.727,1,0.0877,0.26,0.011,0.108,0.274,100.008,audio_features,2alc8VZAzDgdAsL2QMk3hu,spotify:track:2alc8VZAzDgdAsL2QMk3hu,https://api.spotify.com/v1/tracks/2alc8VZAzDgdAsL2QMk3hu,https://api.spotify.com/v1/audio-analysis/2alc8VZAzDgdAsL2QMk3hu,106000,4
0.689,0.516,8,-5.857,1,0.0444,0.513,0.0,0.163,0.209,124.876,audio_features,1VJwtWR6z7SpZRwipI12be,spotify:track:1VJwtWR6z7SpZRwipI12be,https://api.spotify.com/v1/tracks/1VJwtWR6z7SpZRwipI12be,https://api.spotify.com/v1/audio-analysis/1VJwtWR6z7SpZRwipI12be,190920,4
0.73,0.777,3,-5.194,0,0.0496,0.105,0.000478,0.0691,0.575,130.0,audio_features,3C0nOe05EIt1390bVABLyN,spotify:track:3C0nOe05EIt1390bVABLyN,https://api.spotify.com/v1/tracks/3C0nOe05EIt1390bVABLyN,https://api.spotify.com/v1/audio-analysis/3C0nOe05EIt1390bVABLyN,284867,4
0.838,0.794,9,-8.245,0,0.0531,0.22,0.0,0.0575,0.962,132.446,audio_features,2dCmGcEOQrMQhMMS8Vj7Ca,spotify:track:2dCmGcEOQrMQhMMS8Vj7Ca,https://api.spotify.com/v1/tracks/2dCmGcEOQrMQhMMS8Vj7Ca,https://api.spotify.com/v1/audio-analysis/2dCmGcEOQrMQhMMS8Vj7Ca,205467,4
0.912,0.716,10,-4.141,0,0.0697,0.0904,0.0,0.0491,0.377,94.981,audio_features,3W3KtDwAIg3mAruSpnfG3Q,spotify:track:3W3KtDwAIg3mAruSpnfG3Q,https://api.spotify.com/v1/tracks/3W3KtDwAIg3mAruSpnfG3Q,https://api.spotify.com/v1/audio-analysis/3W3KtDwAIg3mAruSpnfG3Q,199938,4
0.831,0.436,6,-14.348,1,0.81,0.475,0.0,0.0805,0.765,144.174,audio_features,4zSIivIq3nHEQ5MAOryOYy,spotify:track:4zSIivIq3nHEQ5MAOryOYy,https://api.spotify.com/v1/tracks/4zSIivIq3nHEQ5MAOryOYy,https://api.spotify.com/v1/audio-analysis/4zSIivIq3nHEQ5MAOryOYy,175000,4
0.711,0.375,7,-9.149,1,0.0981,0.721,0.0,0.082,0.619,126.243,audio_features,3wFxvVpzsOJ4Ag54i2Nr5A,spotify:track:3wFxvVpzsOJ4Ag54i2Nr5A,https://api.spotify.com/v1/tracks/3wFxvVpzsOJ4Ag54i2Nr5A,https://api.spotify.com/v1/audio-analysis/3wFxvVpzsOJ4Ag54i2Nr5A,110267,4
0.906,0.584,8,-7.72,0,0.316,0.0576,0.0,0.128,0.831,129.055,audio_features,5Nu1cp2yi4TlZF4KTmElFD,spotify:track:5Nu1cp2yi4TlZF4KTmElFD,https://api.spotify.com/v1/tracks/5Nu1cp2yi4TlZF4KTmElFD,https://api.spotify.com/v1/audio-analysis/5Nu1cp2yi4TlZF4KTmElFD,292373,4
0.729,0.675,5,-5.292,0,0.0286,4.14e-05,0.00126,0.0867,0.74,125.036,audio_features,0WCiI0ddWiu5F2kSHgfw5S,spotify:track:0WCiI0ddWiu5F2kSHgfw5S,https://api.spotify.com/v1/tracks/0WCiI0ddWiu5F2kSHgfw5S,https://api.spotify.com/v1/audio-analysis/0WCiI0ddWiu5F2kSHgfw5S,215200,4
0.723,0.87,8,-3.013,0,0.0435,0.035,0.0,0.656,0.678,129.952,audio_features,4GUBjup6cDoi0AZPHprzLC,spotify:track:4GUBjup6cDoi0AZPHprzLC,https://api.spotify.com/v1/tracks/4GUBjup6cDoi0AZPHprzLC,https://api.spotify.com/v1/audio-analysis/4GUBjup6cDoi0AZPHprzLC,208845,4
0.613,0.624,11,-6.66,0,0.206,0.496,0.0,0.283,0.803,62.948,audio_features,4slSrbTK1sNK4I1mDYEthf,spotify:track:4slSrbTK1sNK4I1mDYEthf,https://api.spotify.com/v1/tracks/4slSrbTK1sNK4I1mDYEthf,https://api.spotify.com/v1/audio-analysis/4slSrbTK1sNK4I1mDYEthf,167917,5
0.612,0.921,7,-2.882,1,0.085,0.0183,0.0,0.0576,0.446,139.988,audio_features,70eDxAyAraNTiD6lx2ZEnH,spotify:track:70eDxAyAraNTiD6lx2ZEnH,https://api.spotify.com/v1/tracks/70eDxAyAraNTiD6lx2ZEnH,https://api.spotify.com/v1/audio-analysis/70eDxAyAraNTiD6lx2ZEnH,202173,4
0.629,0.851,5,-11.182,0,0.0294,0.0309,0.303,0.0947,0.961,130.7,audio_features,0RnCUYXa7jhgTXtiMXF2PQ,spotify:track:0RnCUYXa7jhgTXtiMXF2PQ,https://api.spotify.com/v1/tracks/0RnCUYXa7jhgTXtiMXF2PQ,https://api.spotify.com/v1/audio-analysis/0RnCUYXa7jhgTXtiMXF2PQ,400116,4
0.811,0.725,8,-7.203,1,0.0491,0.0843,0.0059,0.0567,0.698,120.242,audio_features,0dfQwyoZoS9LgQiU6AJO7f,spotify:track:0dfQwyoZoS9LgQiU6AJO7f,https://api.spotify.com/v1/tracks/0dfQwyoZoS9LgQiU6AJO7f,https://api.spotify.com/v1/audio-analysis/0dfQwyoZoS9LgQiU6AJO7f,278627,4
0.816,0.726,5,-3.998,0,0.129,0.099,0.0,0.372,0.65,136.048,audio_features,58q2HKrzhC3ozto2nDdN4z,spotify:track:58q2HKrzhC3ozto2nDdN4z,https://api.spotify.com/v1/tracks/58q2HKrzhC3ozto2nDdN4z,https://api.spotify.com/v1/audio-analysis/58q2HKrzhC3ozto2nDdN4z,253390,4
0.683,0.886,4,-5.045,0,0.071,0.000738,0.00188,0.0524,0.566,100.04,audio_features,1Ab6RxeKl3e07zP7Get7CX,spotify:track:1Ab6RxeKl3e07zP7Get7CX,https://api.spotify.com/v1/tracks/1Ab6RxeKl3e07zP7Get7CX,https://api.spotify.com/v1/audio-analysis/1Ab6RxeKl3e07zP7Get7CX,197173,4
0.762,0.702,0,-5.87,1,0.0432,0.0167,0.0,0.314,0.898,127.029,audio_features,0jDWRUbxSn8zQlwFbeLHwo,spotify:track:0jDWRUbxSn8zQlwFbeLHwo,https://api.spotify.com/v1/tracks/0jDWRUbxSn8zQlwFbeLHwo,https://api.spotify.com/v1/audio-analysis/0jDWRUbxSn8zQlwFbeLHwo,207200,4
0.734,0.587,11,-9.044,0,0.406,0.107,0.0,0.111,0.419,127.561,audio_features,0dLRe03Om5eOYQB5eW0uDN,spotify:track:0dLRe03Om5eOYQB5eW0uDN,https://api.spotify.com/v1/tracks/0dLRe03Om5eOYQB5eW0uDN,https://api.spotify.com/v1/audio-analysis/0dLRe03Om5eOYQB5eW0uDN,166154,4
0.734,0.668,0,-3.935,0,0.0349,0.0526,0.0,0.0925,0.651,99.971,audio_features,3stnrhzN0lzZFskbaZ5sEw,spotify:track:3stnrhzN0lzZFskbaZ5sEw,https://api.spotify.com/v1/tracks/3stnrhzN0lzZFskbaZ5sEw,https://api.spotify.com/v1/audio-analysis/3stnrhzN0lzZFskbaZ5sEw,238840,4
0.875,0.634,1,-3.484,1,0.0978,0.00426,3.64e-06,0.111,0.531,120.001,audio_features,4o3cq2szX7THGyZDsWtp59,spotify:track:4o3cq2szX7THGyZDsWtp59,https://api.spotify.com/v1/tracks/4o3cq2szX7THGyZDsWtp59,https://api.spotify.com/v1/audio-analysis/4o3cq2szX7THGyZDsWtp59,272080,4
0.514,0.911,1,-2.027,0,0.41,0.0559,0.0,0.775,0.619,161.109,audio_features,2Mpj1Ul5OFPyyP4wB62Rvi,spotify:track:2Mpj1Ul5OFPyyP4wB62Rvi,https://api.spotify.com/v1/tracks/2Mpj1Ul5OFPyyP4wB62Rvi,https://api.spotify.com/v1/audio-analysis/2Mpj1Ul5OFPyyP4wB62Rvi,254027,4
0.609,0.674,1,-3.007,0,0.202,0.595,0.0,0.203,0.789,127.656,audio_features,2NHSYwGkAvPHzCinY0KwXo,spotify:track:2NHSYwGkAvPHzCinY0KwXo,https://api.spotify.com/v1/tracks/2NHSYwGkAvPHzCinY0KwXo,https://api.spotify.com/v1/audio-analysis/2NHSYwGkAvPHzCinY0KwXo,231261,3
0.646,0.823,2,-4.123,0,0.0394,0.213,0.0,0.322,0.418,128.035,audio_features,7MmG8p0F9N3C4AXdK6o6Eb,spotify:track:7MmG8p0F9N3C4AXdK6o6Eb,https://api.spotify.com/v1/tracks/7MmG8p0F9N3C4AXdK6o6Eb,https://api.spotify.com/v1/audio-analysis/7MmG8p0F9N3C4AXdK6o6Eb,227267,4
0.567,0.818,2,-4.362,1,0.263,0.181,0.0,0.315,0.482,210.857,audio_features,4lZbw23ts5G4nlzGgQbAxc,spotify:track:4lZbw23ts5G4nlzGgQbAxc,https://api.spotify.com/v1/tracks/4lZbw23ts5G4nlzGgQbAxc,https://api.spotify.com/v1/audio-analysis/4lZbw23ts5G4nlzGgQbAxc,225560,4
0.562,0.939,0,-4.282,1,0.0475,0.046,0.0,0.112,0.684,116.044,audio_features,1nInOsHbtotAmEOQhtvnzP,spotify:track:1nInOsHbtotAmEOQhtvnzP,https://api.spotify.com/v1/tracks/1nInOsHbtotAmEOQhtvnzP,https://api.spotify.com/v1/audio-analysis/1nInOsHbtotAmEOQhtvnzP,221947,4
0.869,0.59,11,-8.214,1,0.257,0.07,0.0,0.236,0.479,107.934,audio_features,4hanO6Du5J7QEguNHYZHmw,spotify:track:4hanO6Du5J7QEguNHYZHmw,https://api.spotify.com/v1/tracks/4hanO6Du5J7QEguNHYZHmw,https://api.spotify.com/v1/audio-analysis/4hanO6Du5J7QEguNHYZHmw,151147,4
0.752,0.836,10,-3.173,1,0.115,0.0843,0.000425,0.424,0.519,120.003,audio_features,7lWUJpax919G4JdaFEVmCy,spotify:track:7lWUJpax919G4JdaFEVmCy,https://api.spotify.com/v1/tracks/7lWUJpax919G4JdaFEVmCy,https://api.spotify.com/v1/audio-analysis/7lWUJpax919G4JdaFEVmCy,172053,4
0.75,0.825,11,-0.15,0,0.269,0.25,0.0,0.195,0.764,92.028,audio_features,7GkrhcYfflOImusWPIFrPN,spotify:track:7GkrhcYfflOImusWPIFrPN,https://api.spotify.com/v1/tracks/7GkrhcYfflOImusWPIFrPN,https://api.spotify.com/v1/audio-analysis/7GkrhcYfflOImusWPIFrPN,244227,4
0.798,0.629,11,-6.857,0,0.0735,0.00474,2.17e-05,0.324,0.4,130.0,audio_features,3F9ByoUqu31xU0I3G5xfVg,spotify:track:3F9ByoUqu31xU0I3G5xfVg,https://api.spotify.com/v1/tracks/3F9ByoUqu31xU0I3G5xfVg,https://api.spotify.com/v1/audio-analysis/3F9ByoUqu31xU0I3G5xfVg,284373,4
0.54,0.856,0,-3.966,0,0.1,0.109,0.0,0.276,0.258,153.071,audio_features,3SxiAdI8dP9AaaEz1Z24mn,spotify:track:3SxiAdI8dP9AaaEz1Z24mn,https://api.spotify.com/v1/tracks/3SxiAdI8dP9AaaEz1Z24mn,https://api.spotify.com/v1/audio-analysis/3SxiAdI8dP9AaaEz1Z24mn,274600,4
0.791,0.733,6,-5.215,0,0.052,0.147,0.000381,0.0713,0.761,114.98,audio_features,7jk7gqyEonmVVYahZN5zhW,spotify:track:7jk7gqyEonmVVYahZN5zhW,https://api.spotify.com/v1/tracks/7jk7gqyEonmVVYahZN5zhW,https://api.spotify.com/v1/audio-analysis/7jk7gqyEonmVVYahZN5zhW,192360,4
0.739,0.741,7,-5.873,1,0.0912,0.013,0.0,0.0679,0.727,122.988,audio_features,33IQnmtJYjCcrvUUMQgi80,spotify:track:33IQnmtJYjCcrvUUMQgi80,https://api.spotify.com/v1/tracks/33IQnmtJYjCcrvUUMQgi80,https://api.spotify.com/v1/audio-analysis/33IQnmtJYjCcrvUUMQgi80,223253,4
0.813,0.872,9,-5.224,1,0.107,0.00621,0.0,0.0498,0.736,103.016,audio_features,1COvXs6jaykXC73h9OSBVM,spotify:track:1COvXs6jaykXC73h9OSBVM,https://api.spotify.com/v1/tracks/1COvXs6jaykXC73h9OSBVM,https://api.spotify.com/v1/audio-analysis/1COvXs6jaykXC73h9OSBVM,171413,4
0.757,0.892,6,-5.321,1,0.124,0.178,4.19e-05,0.0719,0.936,127.014,audio_features,0upFohXrGxIIAjyaJmCkMU,spotify:track:0upFohXrGxIIAjyaJmCkMU,https://api.spotify.com/v1/tracks/0upFohXrGxIIAjyaJmCkMU,https://api.spotify.com/v1/audio-analysis/0upFohXrGxIIAjyaJmCkMU,255947,4
0.81,0.511,5,-6.924,0,0.164,0.12,0.0,0.0832,0.837,151.947,audio_features,6zFMeegAMYQo0mt8rXtrli,spotify:track:6zFMeegAMYQo0mt8rXtrli,https://api.spotify.com/v1/tracks/6zFMeegAMYQo0mt8rXtrli,https://api.spotify.com/v1/audio-analysis/6zFMeegAMYQo0mt8rXtrli,154998,4
0.806,0.879,0,-4.495,0,0.0568,0.0951,0.0692,0.0501,0.507,127.988,audio_features,227ftQ5S697FAxmeA6AyoL,spotify:track:227ftQ5S697FAxmeA6AyoL,https://api.spotify.com/v1/tracks/227ftQ5S697FAxmeA6AyoL,https://api.spotify.com/v1/audio-analysis/227ftQ5S697FAxmeA6AyoL,152383,4
0.79,0.647,10,-5.983,0,0.136,0.0515,0.0,0.248,0.654,87.999,audio_features,4ZMJshw6UOvaTWWThYtEoW,spotify:track:4ZMJshw6UOvaTWWThYtEoW,https://api.spotify.com/v1/tracks/4ZMJshw6UOvaTWWThYtEoW,https://api.spotify.com/v1/audio-analysis/4ZMJshw6UOvaTWWThYtEoW,211000,4
0.844,0.683,11,-8.351,0,0.0535,0.0676,0.000476,0.102,0.975,138.015,audio_features,080uMDBesKJfS9uoqJCuFy,spotify:track:080uMDBesKJfS9uoqJCuFy,https://api.spotify.com/v1/tracks/080uMDBesKJfS9uoqJCuFy,https://api.spotify.com/v1/audio-analysis/080uMDBesKJfS9uoqJCuFy,247013,4
0.703,0.594,5,-6.146,0,0.0752,0.342,0.0,0.123,0.475,153.848,audio_features,6fTt0CH2t0mdeB2N9XFG5r,spotify:track:6fTt0CH2t0mdeB2N9XFG5r,https://api.spotify.com/v1/tracks/6fTt0CH2t0mdeB2N9XFG5r,https://api.spotify.com/v1/audio-analysis/6fTt0CH2t0mdeB2N9XFG5r,114893,4
0.73,0.729,4,-3.434,0,0.0884,0.167,1.39e-06,0.349,0.467,113.011,audio_features,017PF4Q3l4DBUiWoXk4OWT,spotify:track:017PF4Q3l4DBUiWoXk4OWT,https://api.spotify.com/v1/tracks/017PF4Q3l4DBUiWoXk4OWT,https://api.spotify.com/v1/audio-analysis/017PF4Q3l4DBUiWoXk4OWT,221820,4
0.571,0.815,6,-3.267,1,0.0321,0.0608,0.0,0.163,0.664,120.008,audio_features,1KtVVUM6OkpyOsbVfbMybX,spotify:track:1KtVVUM6OkpyOsbVfbMybX,https://api.spotify.com/v1/tracks/1KtVVUM6OkpyOsbVfbMybX,https://api.spotify.com/v1/audio-analysis/1KtVVUM6OkpyOsbVfbMybX,211460,4
0.884,0.919,11,-5.937,1,0.0697,0.0222,0.0,0.0679,0.967,120.012,audio_features,426vBhxw4upEf11BqBBgs0,spotify:track:426vBhxw4upEf11BqBBgs0,https://api.spotify.com/v1/tracks/426vBhxw4upEf11BqBBgs0,https://api.spotify.com/v1/audio-analysis/426vBhxw4upEf11BqBBgs0,199160,4
0.737,0.833,1,-4.879,1,0.0358,0.000798,0.12,0.228,0.764,132.965,audio_features,7AQjiRtIpr33P8UT98iveh,spotify:track:7AQjiRtIpr33P8UT98iveh,https://api.spotify.com/v1/tracks/7AQjiRtIpr33P8UT98iveh,https://api.spotify.com/v1/audio-analysis/7AQjiRtIpr33P8UT98iveh,212280,4
0.563,0.741,7,-11.947,1,0.0486,0.602,0.00251,0.325,0.967,164.15,audio_features,0ZvgXNstN4o2ZXPomtBYVp,spotify:track:0ZvgXNstN4o2ZXPomtBYVp,https://api.spotify.com/v1/tracks/0ZvgXNstN4o2ZXPomtBYVp,https://api.spotify.com/v1/audio-analysis/0ZvgXNstN4o2ZXPomtBYVp,129133,4
0.787,0.833,8,-4.403,1,0.0478,0.018,0.00747,0.0374,0.796,123.97,audio_features,6Dy1jexKYriXAVG6evyUTJ,spotify:track:6Dy1jexKYriXAVG6evyUTJ,https://api.spotify.com/v1/tracks/6Dy1jexKYriXAVG6evyUTJ,https://api.spotify.com/v1/audio-analysis/6Dy1jexKYriXAVG6evyUTJ,162604,4
0.808,0.97,10,-6.098,0,0.0506,0.0569,6.13e-05,0.154,0.868,114.328,audio_features,2gam98EZKrF9XuOkU13ApN,spotify:track:2gam98EZKrF9XuOkU13ApN,https://api.spotify.com/v1/tracks/2gam98EZKrF9XuOkU13ApN,https://api.spotify.com/v1/audio-analysis/2gam98EZKrF9XuOkU13ApN,242293,4
0.543,0.87,9,-6.514,1,0.0428,0.358,0.000939,0.792,0.754,100.804,audio_features,0GjEhVFGZW8afUYGChu3Rr,spotify:track:0GjEhVFGZW8afUYGChu3Rr,https://api.spotify.com/v1/tracks/0GjEhVFGZW8afUYGChu3Rr,https://api.spotify.com/v1/audio-analysis/0GjEhVFGZW8afUYGChu3Rr,230400,4
0.736,0.817,8,-4.9,1,0.0407,0.00987,0.00167,0.117,0.653,119.95,audio_features,3LUWWox8YYykohBbHUrrxd,spotify:track:3LUWWox8YYykohBbHUrrxd,https://api.spotify.com/v1/tracks/3LUWWox8YYykohBbHUrrxd,https://api.spotify.com/v1/audio-analysis/3LUWWox8YYykohBbHUrrxd,204760,4
0.622,0.808,5,-4.701,1,0.0418,0.00543,5.63e-05,0.215,0.599,122.121,audio_features,6mO5bl8Gpk5EwjBjPI09b3,spotify:track:6mO5bl8Gpk5EwjBjPI09b3,https://api.spotify.com/v1/tracks/6mO5bl8Gpk5EwjBjPI09b3,https://api.spotify.com/v1/audio-analysis/6mO5bl8Gpk5EwjBjPI09b3,204773,4
0.81,0.961,1,-2.992,0,0.209,0.0315,0.0,0.317,0.73,140.013,audio_features,6T9ZqPIWm4I4vygRZwgpJv,spotify:track:6T9ZqPIWm4I4vygRZwgpJv,https://api.spotify.com/v1/tracks/6T9ZqPIWm4I4vygRZwgpJv,https://api.spotify.com/v1/audio-analysis/6T9ZqPIWm4I4vygRZwgpJv,196346,4
0.584,0.431,7,-5.358,1,0.0315,0.32,0.0,0.137,0.123,137.032,audio_features,68qA74EO9cxzSWJwmOjmQR,spotify:track:68qA74EO9cxzSWJwmOjmQR,https://api.spotify.com/v1/tracks/68qA74EO9cxzSWJwmOjmQR,https://api.spotify.com/v1/audio-analysis/68qA74EO9cxzSWJwmOjmQR,226867,4
0.716,0.972,7,-2.302,1,0.196,0.0145,3.22e-05,0.317,0.576,110.026,audio_features,6VRhkROS2SZHGlp0pxndbJ,spotify:track:6VRhkROS2SZHGlp0pxndbJ,https://api.spotify.com/v1/tracks/6VRhkROS2SZHGlp0pxndbJ,https://api.spotify.com/v1/audio-analysis/6VRhkROS2SZHGlp0pxndbJ,215253,4
0.694,0.712,7,-3.923,0,0.046,0.132,0.0,0.211,0.799,98.023,audio_features,2kvgmr5CFhSvleQqTjB3eP,spotify:track:2kvgmr5CFhSvleQqTjB3eP,https://api.spotify.com/v1/tracks/2kvgmr5CFhSvleQqTjB3eP,https://api.spotify.com/v1/audio-analysis/2kvgmr5CFhSvleQqTjB3eP,201122,4
0.794,0.745,9,-11.367,0,0.037,0.273,0.000414,0.143,0.706,124.249,audio_features,4RADreHMvMkZwsPgPr9z5c,spotify:track:4RADreHMvMkZwsPgPr9z5c,https://api.spotify.com/v1/tracks/4RADreHMvMkZwsPgPr9z5c,https://api.spotify.com/v1/audio-analysis/4RADreHMvMkZwsPgPr9z5c,225882,4
0.73,0.858,3,-2.733,1,0.064,0.00468,0.0,0.0866,0.752,134.003,audio_features,3XHdk0KVdgO2sRH5dqibFB,spotify:track:3XHdk0KVdgO2sRH5dqibFB,https://api.spotify.com/v1/tracks/3XHdk0KVdgO2sRH5dqibFB,https://api.spotify.com/v1/audio-analysis/3XHdk0KVdgO2sRH5dqibFB,154733,4
0.763,0.72,9,-5.181,0,0.0691,0.00261,1.11e-05,0.114,0.592,116.01,audio_features,4LihUZcWy0B6lGLqcJ8u9B,spotify:track:4LihUZcWy0B6lGLqcJ8u9B,https://api.spotify.com/v1/tracks/4LihUZcWy0B6lGLqcJ8u9B,https://api.spotify.com/v1/audio-analysis/4LihUZcWy0B6lGLqcJ8u9B,212000,4
0.9,0.592,6,-8.499,0,0.463,0.318,0.0,0.107,0.432,139.988,audio_features,3HUb7feX3gdnzZVEHy5yFj,spotify:track:3HUb7feX3gdnzZVEHy5yFj,https://api.spotify.com/v1/tracks/3HUb7feX3gdnzZVEHy5yFj,https://api.spotify.com/v1/audio-analysis/3HUb7feX3gdnzZVEHy5yFj,192387,4
0.614,0.934,9,-3.709,0,0.07,0.0697,0.0,0.121,0.436,116.001,audio_features,1KixkQVDUHggZMU9dUobgm,spotify:track:1KixkQVDUHggZMU9dUobgm,https://api.spotify.com/v1/tracks/1KixkQVDUHggZMU9dUobgm,https://api.spotify.com/v1/audio-analysis/1KixkQVDUHggZMU9dUobgm,174760,4
0.786,0.712,3,-5.349,0,0.0678,0.0706,0.0,0.236,0.795,130.144,audio_features,6n2eIfLj0wOOUkUfNmYzlh,spotify:track:6n2eIfLj0wOOUkUfNmYzlh,https://api.spotify.com/v1/tracks/6n2eIfLj0wOOUkUfNmYzlh,https://api.spotify.com/v1/audio-analysis/6n2eIfLj0wOOUkUfNmYzlh,180231,4
0.548,0.805,7,-5.732,1,0.351,0.212,0.000389,0.408,0.648,142.094,audio_features,79s5XnCN4TJKTVMSmOx8Ep,spotify:track:79s5XnCN4TJKTVMSmOx8Ep,https://api.spotify.com/v1/tracks/79s5XnCN4TJKTVMSmOx8Ep,https://api.spotify.com/v1/audio-analysis/79s5XnCN4TJKTVMSmOx8Ep,216387,4
0.76,0.853,6,-7.534,0,0.284,0.0451,0.0,0.117,0.658,102.964,audio_features,0qQFyJw6mbLyzWSWmx1poL,spotify:track:0qQFyJw6mbLyzWSWmx1poL,https://api.spotify.com/v1/tracks/0qQFyJw6mbLyzWSWmx1poL,https://api.spotify.com/v1/audio-analysis/0qQFyJw6mbLyzWSWmx1poL,207233,4
0.741,0.735,10,-6.511,0,0.299,0.22,0.0,0.185,0.737,144.024,audio_features,4f5TKGvkD4TkTjr61GKNAG,spotify:track:4f5TKGvkD4TkTjr61GKNAG,https://api.spotify.com/v1/tracks/4f5TKGvkD4TkTjr61GKNAG,https://api.spotify.com/v1/audio-analysis/4f5TKGvkD4TkTjr61GKNAG,243776,4
0.667,0.673,0,-7.574,1,0.323,0.0641,4e-06,0.0975,0.669,144.256,audio_features,3DKCTIiJ97bS9TGiqcABjo,spotify:track:3DKCTIiJ97bS9TGiqcABjo,https://api.spotify.com/v1/tracks/3DKCTIiJ97bS9TGiqcABjo,https://api.spotify.com/v1/audio-analysis/3DKCTIiJ97bS9TGiqcABjo,201964,4
0.568,0.895,3,-3.852,0,0.24,0.209,0.0,0.638,0.509,143.273,audio_features,59WPf8jzDj5lNqPUJOmJzC,spotify:track:59WPf8jzDj5lNqPUJOmJzC,https://api.spotify.com/v1/tracks/59WPf8jzDj5lNqPUJOmJzC,https://api.spotify.com/v1/audio-analysis/59WPf8jzDj5lNqPUJOmJzC,191387,4
0.825,0.832,5,-5.853,0,0.0403,0.00587,0.000789,0.114,0.713,122.021,audio_features,6nCDnzErqalOaIY3EJM8NK,spotify:track:6nCDnzErqalOaIY3EJM8NK,https://api.spotify.com/v1/tracks/6nCDnzErqalOaIY3EJM8NK,https://api.spotify.com/v1/audio-analysis/6nCDnzErqalOaIY3EJM8NK,220627,4
0.758,0.621,6,-8.694,1,0.577,0.556,0.0,0.113,0.857,145.209,audio_features,7ciFXwdCIw067ExT1ZTbUq,spotify:track:7ciFXwdCIw067ExT1ZTbUq,https://api.spotify.com/v1/tracks/7ciFXwdCIw067ExT1ZTbUq,https://api.spotify.com/v1/audio-analysis/7ciFXwdCIw067ExT1ZTbUq,257149,4
0.665,0.908,10,-4.183,0,0.102,0.0247,0.0,0.187,0.639,140.055,audio_features,7bpdHC5nRr6hDdhzt0JkQU,spotify:track:7bpdHC5nRr6hDdhzt0JkQU,https://api.spotify.com/v1/tracks/7bpdHC5nRr6hDdhzt0JkQU,https://api.spotify.com/v1/audio-analysis/7bpdHC5nRr6hDdhzt0JkQU,147429,4
0.177,0.425,2,-6.211,0,0.0291,0.654,0.0,0.195,0.0942,182.571,audio_features,5IaR621NoOM6i5KTcuNRHM,spotify:track:5IaR621NoOM6i5KTcuNRHM,https://api.spotify.com/v1/tracks/5IaR621NoOM6i5KTcuNRHM,https://api.spotify.com/v1/audio-analysis/5IaR621NoOM6i5KTcuNRHM,217827,3
0.518,0.704,9,-6.782,1,0.368,0.0866,0.0,0.346,0.702,99.192,audio_features,4MKOj49FQ3dlI9gqCOIjIn,spotify:track:4MKOj49FQ3dlI9gqCOIjIn,https://api.spotify.com/v1/tracks/4MKOj49FQ3dlI9gqCOIjIn,https://api.spotify.com/v1/audio-analysis/4MKOj49FQ3dlI9gqCOIjIn,152686,4
0.789,0.916,0,-3.262,1,0.249,0.0135,8.09e-06,0.077,0.658,127.956,audio_features,1HOlb9rdNOmy9b1Fakicjo,spotify:track:1HOlb9rdNOmy9b1Fakicjo,https://api.spotify.com/v1/tracks/1HOlb9rdNOmy9b1Fakicjo,https://api.spotify.com/v1/audio-analysis/1HOlb9rdNOmy9b1Fakicjo,183750,4
0.726,0.679,1,-6.219,1,0.0473,0.0149,1.49e-06,0.0837,0.751,107.02,audio_features,1yTQ39my3MoNROlFw3RDNy,spotify:track:1yTQ39my3MoNROlFw3RDNy,https://api.spotify.com/v1/tracks/1yTQ39my3MoNROlFw3RDNy,https://api.spotify.com/v1/audio-analysis/1yTQ39my3MoNROlFw3RDNy,235973,4
0.791,0.587,3,-5.075,0,0.0413,0.407,0.0,0.148,0.536,96.057,audio_features,3Ol2xnObFdKV9pmRD2t9x8,spotify:track:3Ol2xnObFdKV9pmRD2t9x8,https://api.spotify.com/v1/tracks/3Ol2xnObFdKV9pmRD2t9x8,https://api.spotify.com/v1/audio-analysis/3Ol2xnObFdKV9pmRD2t9x8,179449,4
0.717,0.91,6,-3.39,0,0.0554,0.00262,0.00194,0.0589,0.682,119.999,audio_features,0zg8u9UUlvwSvBJYEjhgDT,spotify:track:0zg8u9UUlvwSvBJYEjhgDT,https://api.spotify.com/v1/tracks/0zg8u9UUlvwSvBJYEjhgDT,https://api.spotify.com/v1/audio-analysis/0zg8u9UUlvwSvBJYEjhgDT,214000,4
0.626,0.915,6,-3.123,0,0.0825,0.011,0.0,0.108,0.763,119.993,audio_features,5OC1BydxpDS3zFBVbZkV5G,spotify:track:5OC1BydxpDS3zFBVbZkV5G,https://api.spotify.com/v1/tracks/5OC1BydxpDS3zFBVbZkV5G,https://api.spotify.com/v1/audio-analysis/5OC1BydxpDS3zFBVbZkV5G,201042,4
0.648,0.836,8,-3.394,1,0.0316,0.0625,0.00995,0.202,0.705,126.889,audio_features,2jATUzETZL49e6SywauZKE,spotify:track:2jATUzETZL49e6SywauZKE,https://api.spotify.com/v1/tracks/2jATUzETZL49e6SywauZKE,https://api.spotify.com/v1/audio-analysis/2jATUzETZL49e6SywauZKE,183560,4
0.745,0.715,1,-3.368,0,0.246,0.128,0.0,0.182,0.342,94.511,audio_features,0IFMbLUK5ttPmXyK16qUQu,spotify:track:0IFMbLUK5ttPmXyK16qUQu,https://api.spotify.com/v1/tracks/0IFMbLUK5ttPmXyK16qUQu,https://api.spotify.com/v1/audio-analysis/0IFMbLUK5ttPmXyK16qUQu,136032,4
0.746,0.825,3,-4.457,1,0.0435,0.192,0.0,0.365,0.904,143.062,audio_features,4PYfFHKfjYz6dwAtZhBy1z,spotify:track:4PYfFHKfjYz6dwAtZhBy1z,https://api.spotify.com/v1/tracks/4PYfFHKfjYz6dwAtZhBy1z,https://api.spotify.com/v1/audio-analysis/4PYfFHKfjYz6dwAtZhBy1z,108651,4
0.707,0.909,2,-3.501,1,0.261,0.413,0.0,0.305,0.703,145.014,audio_features,3zQ61IRdlSbEyYQlwQZZxS,spotify:track:3zQ61IRdlSbEyYQlwQZZxS,https://api.spotify.com/v1/tracks/3zQ61IRdlSbEyYQlwQZZxS,https://api.spotify.com/v1/audio-analysis/3zQ61IRdlSbEyYQlwQZZxS,255189,4
0.671,0.782,6,-4.593,1,0.0341,0.0142,0.00221,0.333,0.618,123.989,audio_features,0siYMEsGrzzzlWLXK5zJfS,spotify:track:0siYMEsGrzzzlWLXK5zJfS,https://api.spotify.com/v1/tracks/0siYMEsGrzzzlWLXK5zJfS,https://api.spotify.com/v1/audio-analysis/0siYMEsGrzzzlWLXK5zJfS,178088,4
0.731,0.738,9,-8.125,0,0.0377,0.184,0.0,0.214,0.958,117.656,audio_features,3L7RtEcu1Hw3OXrpnthngx,spotify:track:3L7RtEcu1Hw3OXrpnthngx,https://api.spotify.com/v1/tracks/3L7RtEcu1Hw3OXrpnthngx,https://api.spotify.com/v1/audio-analysis/3L7RtEcu1Hw3OXrpnthngx,236920,4
0.929,0.499,1,-10.432,1,0.312,0.108,0.0,0.126,0.656,138.045,audio_features,0CLU1CwbCtoyXaqBB2kOrN,spotify:track:0CLU1CwbCtoyXaqBB2kOrN,https://api.spotify.com/v1/tracks/0CLU1CwbCtoyXaqBB2kOrN,https://api.spotify.com/v1/audio-analysis/0CLU1CwbCtoyXaqBB2kOrN,219130,4
0.755,0.751,1,-4.322,0,0.051,0.00848,0.000368,0.32,0.27,104.942,audio_features,2bUWLYU3s6sbQqlo7075Og,spotify:track:2bUWLYU3s6sbQqlo7075Og,https://api.spotify.com/v1/tracks/2bUWLYU3s6sbQqlo7075Og,https://api.spotify.com/v1/audio-analysis/2bUWLYU3s6sbQqlo7075Og,208693,4
0.76,0.696,0,-5.811,1,0.0491,0.0195,0.0,0.278,0.903,127.029,audio_features,360ZhWvMnyXKYFG9Mqsm89,spotify:track:360ZhWvMnyXKYFG9Mqsm89,https://api.spotify.com/v1/tracks/360ZhWvMnyXKYFG9Mqsm89,https://api.spotify.com/v1/audio-analysis/360ZhWvMnyXKYFG9Mqsm89,205884,4
0.868,0.55,11,-8.926,0,0.363,0.0103,0.000297,0.108,0.201,151.917,audio_features,3TEtGpmiymgVmA0D27dAse,spotify:track:3TEtGpmiymgVmA0D27dAse,https://api.spotify.com/v1/tracks/3TEtGpmiymgVmA0D27dAse,https://api.spotify.com/v1/audio-analysis/3TEtGpmiymgVmA0D27dAse,151632,4
0.949,0.79,8,-5.957,1,0.0756,0.00437,0.0,0.0816,0.807,117.002,audio_features,4NOZ35Dhucr6UlVyLOtktd,spotify:track:4NOZ35Dhucr6UlVyLOtktd,https://api.spotify.com/v1/tracks/4NOZ35Dhucr6UlVyLOtktd,https://api.spotify.com/v1/audio-analysis/4NOZ35Dhucr6UlVyLOtktd,246053,4
0.842,0.505,1,-8.627,0,0.402,0.472,0.000322,0.117,0.538,119.993,audio_features,1PNs0uGru3TcrA94kpyGnc,spotify:track:1PNs0uGru3TcrA94kpyGnc,https://api.spotify.com/v1/tracks/1PNs0uGru3TcrA94kpyGnc,https://api.spotify.com/v1/audio-analysis/1PNs0uGru3TcrA94kpyGnc,207065,4
0.785,0.931,8,-4.813,1,0.0465,0.0148,0.637,0.0459,0.969,135.986,audio_features,73ljrkSg4A0q3ByU0Cu7mw,spotify:track:73ljrkSg4A0q3ByU0Cu7mw,https://api.spotify.com/v1/tracks/73ljrkSg4A0q3ByU0Cu7mw,https://api.spotify.com/v1/audio-analysis/73ljrkSg4A0q3ByU0Cu7mw,222459,4
0.722,0.893,0,-3.255,0,0.0475,0.0441,0.000937,0.0673,0.439,119.932,audio_features,3iw6V4LH7yPj1ESORX9RIN,spotify:track:3iw6V4LH7yPj1ESORX9RIN,https://api.spotify.com/v1/tracks/3iw6V4LH7yPj1ESORX9RIN,https://api.spotify.com/v1/audio-analysis/3iw6V4LH7yPj1ESORX9RIN,116750,4
0.76,0.853,9,-4.594,0,0.0658,0.119,0.00212,0.0996,0.842,123.301,audio_features,6JGEFDAbkolVtylkQfnnom,spotify:track:6JGEFDAbkolVtylkQfnnom,https://api.spotify.com/v1/tracks/6JGEFDAbkolVtylkQfnnom,https://api.spotify.com/v1/audio-analysis/6JGEFDAbkolVtylkQfnnom,290893,4
0.656,0.746,7,-4.716,1,0.314,0.126,0.0,0.508,0.824,104.044,audio_features,44GokgCa37BTZP2NU2zkoJ,spotify:track:44GokgCa37BTZP2NU2zkoJ,https://api.spotify.com/v1/tracks/44GokgCa37BTZP2NU2zkoJ,https://api.spotify.com/v1/audio-analysis/44GokgCa37BTZP2NU2zkoJ,188939,3
0.732,0.922,6,-1.829,0,0.0975,0.0348,0.0,0.146,0.589,120.033,audio_features,0v3BMLcwUmAwyqJaf5997o,spotify:track:0v3BMLcwUmAwyqJaf5997o,https://api.spotify.com/v1/tracks/0v3BMLcwUmAwyqJaf5997o,https://api.spotify.com/v1/audio-analysis/0v3BMLcwUmAwyqJaf5997o,218250,4
0.902,0.839,11,-9.447,0,0.208,0.0933,0.0,0.102,0.727,133.989,audio_features,7AODNxFNPnKaz4hURLzw5l,spotify:track:7AODNxFNPnKaz4hURLzw5l,https://api.spotify.com/v1/tracks/7AODNxFNPnKaz4hURLzw5l,https://api.spotify.com/v1/audio-analysis/7AODNxFNPnKaz4hURLzw5l,190537,4
0.47,0.904,0,-4.024,0,0.177,0.0436,0.0,0.0491,0.557,155.788,audio_features,1Bx0zEdVjkFlV27iKaePug,spotify:track:1Bx0zEdVjkFlV27iKaePug,https://api.spotify.com/v1/tracks/1Bx0zEdVjkFlV27iKaePug,https://api.spotify.com/v1/audio-analysis/1Bx0zEdVjkFlV27iKaePug,267000,4
0.676,0.838,11,-4.652,0,0.0288,0.000767,0.00149,0.0938,0.628,107.023,audio_features,45NMXm6dW5bo457fUdRvtH,spotify:track:45NMXm6dW5bo457fUdRvtH,https://api.spotify.com/v1/tracks/45NMXm6dW5bo457fUdRvtH,https://api.spotify.com/v1/audio-analysis/45NMXm6dW5bo457fUdRvtH,219480,4
0.95,0.891,2,-2.653,1,0.241,0.0645,1.77e-05,0.309,0.912,133.01,audio_features,4C6Uex2ILwJi9sZXRdmqXp,spotify:track:4C6Uex2ILwJi9sZXRdmqXp,https://api.spotify.com/v1/tracks/4C6Uex2ILwJi9sZXRdmqXp,https://api.spotify.com/v1/audio-analysis/4C6Uex2ILwJi9sZXRdmqXp,170977,4
0.842,0.602,1,-7.103,1,0.0796,0.00638,0.112,0.103,0.372,124.213,audio_features,0fMWtRhzOoWoCo7dRHVEEa,spotify:track:0fMWtRhzOoWoCo7dRHVEEa,https://api.spotify.com/v1/tracks/0fMWtRhzOoWoCo7dRHVEEa,https://api.spotify.com/v1/audio-analysis/0fMWtRhzOoWoCo7dRHVEEa,205760,4
0.911,0.529,9,-7.996,0,0.328,0.201,0.0,0.101,0.76,105.067,audio_features,1fp2uoWXPca3mIdxRHIgQm,spotify:track:1fp2uoWXPca3mIdxRHIgQm,https://api.spotify.com/v1/tracks/1fp2uoWXPca3mIdxRHIgQm,https://api.spotify.com/v1/audio-analysis/1fp2uoWXPca3mIdxRHIgQm,192571,4
0.863,0.471,6,-9.545,1,0.478,0.251,0.0,0.121,0.644,140.969,audio_features,5wIjM4q7oIgiLqn8Qfoyxh,spotify:track:5wIjM4q7oIgiLqn8Qfoyxh,https://api.spotify.com/v1/tracks/5wIjM4q7oIgiLqn8Qfoyxh,https://api.spotify.com/v1/audio-analysis/5wIjM4q7oIgiLqn8Qfoyxh,252907,4
0.723,0.713,2,-6.879,0,0.241,0.495,0.0,0.513,0.803,143.052,audio_features,2BzAGK3lEZAQz5cU0Ae1wd,spotify:track:2BzAGK3lEZAQz5cU0Ae1wd,https://api.spotify.com/v1/tracks/2BzAGK3lEZAQz5cU0Ae1wd,https://api.spotify.com/v1/audio-analysis/2BzAGK3lEZAQz5cU0Ae1wd,158601,4
0.553,0.662,8,-6.454,0,0.129,0.342,0.0,0.141,0.561,98.368,audio_features,1hu2dRGo6kxbvc7NuNGD4v,spotify:track:1hu2dRGo6kxbvc7NuNGD4v,https://api.spotify.com/v1/tracks/1hu2dRGo6kxbvc7NuNGD4v,https://api.spotify.com/v1/audio-analysis/1hu2dRGo6kxbvc7NuNGD4v,242121,4
0.897,0.513,10,-6.973,0,0.309,0.571,0.0,0.101,0.692,139.935,audio_features,1meosvrJFk4xXo1HwUIasC,spotify:track:1meosvrJFk4xXo1HwUIasC,https://api.spotify.com/v1/tracks/1meosvrJFk4xXo1HwUIasC,https://api.spotify.com/v1/audio-analysis/1meosvrJFk4xXo1HwUIasC,137744,4
0.629,0.647,1,-3.791,1,0.199,0.0355,0.00373,0.0797,0.531,139.787,audio_features,0mfEHC4z5a7533o7VNOH2c,spotify:track:0mfEHC4z5a7533o7VNOH2c,https://api.spotify.com/v1/tracks/0mfEHC4z5a7533o7VNOH2c,https://api.spotify.com/v1/audio-analysis/0mfEHC4z5a7533o7VNOH2c,211525,5
0.778,0.834,5,-5.062,1,0.0606,0.0328,0.0,0.124,0.771,137.982,audio_features,2FjeVQVKt21C2ymm5l12Go,spotify:track:2FjeVQVKt21C2ymm5l12Go,https://api.spotify.com/v1/tracks/2FjeVQVKt21C2ymm5l12Go,https://api.spotify.com/v1/audio-analysis/2FjeVQVKt21C2ymm5l12Go,192612,4
0.859,0.619,6,-9.434,1,0.121,0.137,0.0,0.0933,0.631,132.01,audio_features,31m40qBxoj4iMSnQLkq8nP,spotify:track:31m40qBxoj4iMSnQLkq8nP,https://api.spotify.com/v1/tracks/31m40qBxoj4iMSnQLkq8nP,https://api.spotify.com/v1/audio-analysis/31m40qBxoj4iMSnQLkq8nP,221818,4
0.791,0.59,1,-9.206,0,0.0793,0.0994,0.00203,0.065,0.714,119.951,audio_features,2GYHyAoLWpkxLVa4oYTVko,spotify:track:2GYHyAoLWpkxLVa4oYTVko,https://api.spotify.com/v1/tracks/2GYHyAoLWpkxLVa4oYTVko,https://api.spotify.com/v1/audio-analysis/2GYHyAoLWpkxLVa4oYTVko,206067,4
0.572,0.81,1,-5.791,0,0.0558,0.0157,6.53e-06,0.13,0.11,126.052,audio_features,6PUIzlqotEmPuBfjbwYWOB,spotify:track:6PUIzlqotEmPuBfjbwYWOB,https://api.spotify.com/v1/tracks/6PUIzlqotEmPuBfjbwYWOB,https://api.spotify.com/v1/audio-analysis/6PUIzlqotEmPuBfjbwYWOB,214912,4
0.787,0.842,10,-4.026,0,0.25,0.117,0.0,0.179,0.657,138.159,audio_features,4iYxrnTvYsTtyphOTqTvkh,spotify:track:4iYxrnTvYsTtyphOTqTvkh,https://api.spotify.com/v1/tracks/4iYxrnTvYsTtyphOTqTvkh,https://api.spotify.com/v1/audio-analysis/4iYxrnTvYsTtyphOTqTvkh,231428,4
0.867,0.509,7,-4.884,0,0.0918,0.0295,0.0,0.0424,0.684,100.998,audio_features,2H9zpvV33I48HE5jnNvWVB,spotify:track:2H9zpvV33I48HE5jnNvWVB,https://api.spotify.com/v1/tracks/2H9zpvV33I48HE5jnNvWVB,https://api.spotify.com/v1/audio-analysis/2H9zpvV33I48HE5jnNvWVB,163001,4
0.747,0.716,11,-2.457,0,0.075,0.135,0.0,0.251,0.751,125.008,audio_features,2EBCVPNAG46nbgs6jXPGvv,spotify:track:2EBCVPNAG46nbgs6jXPGvv,https://api.spotify.com/v1/tracks/2EBCVPNAG46nbgs6jXPGvv,https://api.spotify.com/v1/audio-analysis/2EBCVPNAG46nbgs6jXPGvv,210627,4
0.671,0.314,5,-8.091,0,0.244,0.11,0.0,0.0825,0.296,110.898,audio_features,4pAl7FkDMNBsjykPXo91B3,spotify:track:4pAl7FkDMNBsjykPXo91B3,https://api.spotify.com/v1/tracks/4pAl7FkDMNBsjykPXo91B3,https://api.spotify.com/v1/audio-analysis/4pAl7FkDMNBsjykPXo91B3,191600,4
0.813,0.699,7,-8.656,1,0.0458,0.0251,0.0135,0.0527,0.732,117.548,audio_features,3ibAzRj9JnowdoLkyllk3n,spotify:track:3ibAzRj9JnowdoLkyllk3n,https://api.spotify.com/v1/tracks/3ibAzRj9JnowdoLkyllk3n,https://api.spotify.com/v1/audio-analysis/3ibAzRj9JnowdoLkyllk3n,231560,4
0.723,0.86,11,-4.357,1,0.203,0.271,4.56e-06,0.598,0.667,126.979,audio_features,3hlksXnvbKogFdPbpO9vel,spotify:track:3hlksXnvbKogFdPbpO9vel,https://api.spotify.com/v1/tracks/3hlksXnvbKogFdPbpO9vel,https://api.spotify.com/v1/audio-analysis/3hlksXnvbKogFdPbpO9vel,200013,4
0.975,0.535,1,-7.227,1,0.196,0.0783,0.0,0.107,0.671,125.066,audio_features,01IQ4aQgOf0Kkq3a273hmO,spotify:track:01IQ4aQgOf0Kkq3a273hmO,https://api.spotify.com/v1/tracks/01IQ4aQgOf0Kkq3a273hmO,https://api.spotify.com/v1/audio-analysis/01IQ4aQgOf0Kkq3a273hmO,182741,4
0.526,0.825,4,-3.991,1,0.443,0.804,0.0,0.605,0.949,136.834,audio_features,4P8dRfSz0LBgyWfjod6v3J,spotify:track:4P8dRfSz0LBgyWfjod6v3J,https://api.spotify.com/v1/tracks/4P8dRfSz0LBgyWfjod6v3J,https://api.spotify.com/v1/audio-analysis/4P8dRfSz0LBgyWfjod6v3J,179564,4
0.77,0.826,4,-5.007,0,0.0444,0.123,5.1e-05,0.149,0.819,123.903,audio_features,5FFAqdNj7SAzVCOpPp3QZI,spotify:track:5FFAqdNj7SAzVCOpPp3QZI,https://api.spotify.com/v1/tracks/5FFAqdNj7SAzVCOpPp3QZI,https://api.spotify.com/v1/audio-analysis/5FFAqdNj7SAzVCOpPp3QZI,223373,4
0.56,0.872,3,-4.269,1,0.14,0.0239,6.98e-06,0.371,0.682,126.05,audio_features,1kPpge9JDLpcj15qgrPbYX,spotify:track:1kPpge9JDLpcj15qgrPbYX,https://api.spotify.com/v1/tracks/1kPpge9JDLpcj15qgrPbYX,https://api.spotify.com/v1/audio-analysis/1kPpge9JDLpcj15qgrPbYX,205933,4
0.708,0.857,6,-3.394,0,0.0827,0.00219,0.0,0.103,0.449,126.051,audio_features,54azQnjuDYDFfImXimGFsA,spotify:track:54azQnjuDYDFfImXimGFsA,https://api.spotify.com/v1/tracks/54azQnjuDYDFfImXimGFsA,https://api.spotify.com/v1/audio-analysis/54azQnjuDYDFfImXimGFsA,260234,4
0.696,0.94,8,-3.498,1,0.064,0.00272,1.34e-06,0.0987,0.7,128.005,audio_features,5o7TXypciBNWzWLE6Hdzuz,spotify:track:5o7TXypciBNWzWLE6Hdzuz,https://api.spotify.com/v1/tracks/5o7TXypciBNWzWLE6Hdzuz,https://api.spotify.com/v1/audio-analysis/5o7TXypciBNWzWLE6Hdzuz,207976,4
0.722,0.851,7,-3.873,0,0.0639,0.0319,0.0,0.108,0.452,126.885,audio_features,5yDL13y5giogKs2fSNf7sj,spotify:track:5yDL13y5giogKs2fSNf7sj,https://api.spotify.com/v1/tracks/5yDL13y5giogKs2fSNf7sj,https://api.spotify.com/v1/audio-analysis/5yDL13y5giogKs2fSNf7sj,197936,4
0.762,0.676,2,-7.241,1,0.135,0.0268,0.0,0.279,0.172,122.007,audio_features,65UMllQJxB4cVUytlzp5Se,spotify:track:65UMllQJxB4cVUytlzp5Se,https://api.spotify.com/v1/tracks/65UMllQJxB4cVUytlzp5Se,https://api.spotify.com/v1/audio-analysis/65UMllQJxB4cVUytlzp5Se,204774,4
0.807,0.879,7,-4.377,1,0.0828,0.129,2.73e-06,0.316,0.623,126.044,audio_features,0UoAFuSMQthMwieDb51kWK,spotify:track:0UoAFuSMQthMwieDb51kWK,https://api.spotify.com/v1/tracks/0UoAFuSMQthMwieDb51kWK,https://api.spotify.com/v1/audio-analysis/0UoAFuSMQthMwieDb51kWK,201905,4
0.903,0.535,9,-6.434,1,0.0742,0.297,0.0,0.345,0.508,130.022,audio_features,5SixeLvPsYpk7qq9lo5xYg,spotify:track:5SixeLvPsYpk7qq9lo5xYg,https://api.spotify.com/v1/tracks/5SixeLvPsYpk7qq9lo5xYg,https://api.spotify.com/v1/audio-analysis/5SixeLvPsYpk7qq9lo5xYg,148779,4
0.763,0.861,8,-6.669,1,0.145,0.131,4.26e-06,0.217,0.679,112.027,audio_features,7odqeM75nzWkJhKlLjQrh5,spotify:track:7odqeM75nzWkJhKlLjQrh5,https://api.spotify.com/v1/tracks/7odqeM75nzWkJhKlLjQrh5,https://api.spotify.com/v1/audio-analysis/7odqeM75nzWkJhKlLjQrh5,186425,4
0.418,0.441,11,-11.522,0,0.283,0.029,0.0707,0.306,0.172,175.928,audio_features,5hgnY0mVcVetszbb85qeDg,spotify:track:5hgnY0mVcVetszbb85qeDg,https://api.spotify.com/v1/tracks/5hgnY0mVcVetszbb85qeDg,https://api.spotify.com/v1/audio-analysis/5hgnY0mVcVetszbb85qeDg,319467,4
0.587,0.828,11,-5.108,1,0.161,0.00327,0.0,0.331,0.494,123.907,audio_features,30XU4suKzCeoCK9YFzdufg,spotify:track:30XU4suKzCeoCK9YFzdufg,https://api.spotify.com/v1/tracks/30XU4suKzCeoCK9YFzdufg,https://api.spotify.com/v1/audio-analysis/30XU4suKzCeoCK9YFzdufg,260253,4
0.724,0.695,11,-5.226,1,0.0622,0.073,0.0,0.0889,0.235,139.0,audio_features,4fixebDZAVToLbUCuEloa2,spotify:track:4fixebDZAVToLbUCuEloa2,https://api.spotify.com/v1/tracks/4fixebDZAVToLbUCuEloa2,https://api.spotify.com/v1/audio-analysis/4fixebDZAVToLbUCuEloa2,224400,4
0.651,0.812,3,-3.797,0,0.0409,0.00125,3.01e-05,0.667,0.72,126.023,audio_features,4mVOwzuPKrMb4CDVe9Q4Hs,spotify:track:4mVOwzuPKrMb4CDVe9Q4Hs,https://api.spotify.com/v1/tracks/4mVOwzuPKrMb4CDVe9Q4Hs,https://api.spotify.com/v1/audio-analysis/4mVOwzuPKrMb4CDVe9Q4Hs,230733,4
0.722,0.63,3,-5.784,0,0.132,0.0485,0.000294,0.179,0.519,150.023,audio_features,2bZMOs3RjmhhGca6MEzjyl,spotify:track:2bZMOs3RjmhhGca6MEzjyl,https://api.spotify.com/v1/tracks/2bZMOs3RjmhhGca6MEzjyl,https://api.spotify.com/v1/audio-analysis/2bZMOs3RjmhhGca6MEzjyl,227480,4
0.724,0.816,4,-3.308,0,0.0702,0.176,0.0228,0.308,0.469,87.521,audio_features,3VmzE0xZIiAmPdAxYHQMgP,spotify:track:3VmzE0xZIiAmPdAxYHQMgP,https://api.spotify.com/v1/tracks/3VmzE0xZIiAmPdAxYHQMgP,https://api.spotify.com/v1/audio-analysis/3VmzE0xZIiAmPdAxYHQMgP,266400,4
0.82,0.655,2,-5.647,0,0.0484,0.00538,0.0,0.291,0.787,124.958,audio_features,68u0hIA7tp9TcWYcOploCg,spotify:track:68u0hIA7tp9TcWYcOploCg,https://api.spotify.com/v1/tracks/68u0hIA7tp9TcWYcOploCg,https://api.spotify.com/v1/audio-analysis/68u0hIA7tp9TcWYcOploCg,217800,4
0.769,0.684,1,-5.019,1,0.0411,0.0105,0.000125,0.0887,0.835,127.972,audio_features,7ySUcLPVX7KudhnmNcgY2D,spotify:track:7ySUcLPVX7KudhnmNcgY2D,https://api.spotify.com/v1/tracks/7ySUcLPVX7KudhnmNcgY2D,https://api.spotify.com/v1/audio-analysis/7ySUcLPVX7KudhnmNcgY2D,243600,4
0.594,0.749,3,-6.251,1,0.0677,0.00188,0.000139,0.0869,0.344,130.064,audio_features,3DXXKDbbZKyAZfNb96ST3q,spotify:track:3DXXKDbbZKyAZfNb96ST3q,https://api.spotify.com/v1/tracks/3DXXKDbbZKyAZfNb96ST3q,https://api.spotify.com/v1/audio-analysis/3DXXKDbbZKyAZfNb96ST3q,205746,4
0.677,0.671,7,-4.905,1,0.0361,0.004,5.07e-05,0.413,0.527,137.046,audio_features,30cSNer6TV8x2utjULVeQ5,spotify:track:30cSNer6TV8x2utjULVeQ5,https://api.spotify.com/v1/tracks/30cSNer6TV8x2utjULVeQ5,https://api.spotify.com/v1/audio-analysis/30cSNer6TV8x2utjULVeQ5,238920,4
0.793,0.688,0,-4.008,1,0.0386,0.00435,0.00477,0.199,0.502,124.985,audio_features,5ZKqR1beprJ3wa6wGUwTWH,spotify:track:5ZKqR1beprJ3wa6wGUwTWH,https://api.spotify.com/v1/tracks/5ZKqR1beprJ3wa6wGUwTWH,https://api.spotify.com/v1/audio-analysis/5ZKqR1beprJ3wa6wGUwTWH,160560,4
0.822,0.739,1,-4.541,0,0.0311,0.0264,4.26e-05,0.181,0.745,118.992,audio_features,1dzQoRqT5ucxXVaAhTcT0J,spotify:track:1dzQoRqT5ucxXVaAhTcT0J,https://api.spotify.com/v1/tracks/1dzQoRqT5ucxXVaAhTcT0J,https://api.spotify.com/v1/audio-analysis/1dzQoRqT5ucxXVaAhTcT0J,241933,4
0.675,0.602,11,-4.733,0,0.116,0.00377,0.0,0.0458,0.933,127.938,audio_features,6qUSs4FDzZUdAhY6JDIJfa,spotify:track:6qUSs4FDzZUdAhY6JDIJfa,https://api.spotify.com/v1/tracks/6qUSs4FDzZUdAhY6JDIJfa,https://api.spotify.com/v1/audio-analysis/6qUSs4FDzZUdAhY6JDIJfa,201040,4
0.892,0.764,10,-5.668,0,0.0547,0.0186,0.0358,0.332,0.856,115.014,audio_features,3KnjerEPMolLapVo2wdgz6,spotify:track:3KnjerEPMolLapVo2wdgz6,https://api.spotify.com/v1/tracks/3KnjerEPMolLapVo2wdgz6,https://api.spotify.com/v1/audio-analysis/3KnjerEPMolLapVo2wdgz6,196307,4
0.701,0.667,7,-6.177,1,0.0361,0.0121,6.53e-06,0.148,0.675,119.975,audio_features,5QifrqmnjHzdOuBAheeeNU,spotify:track:5QifrqmnjHzdOuBAheeeNU,https://api.spotify.com/v1/tracks/5QifrqmnjHzdOuBAheeeNU,https://api.spotify.com/v1/audio-analysis/5QifrqmnjHzdOuBAheeeNU,213135,4
0.795,0.767,1,-5.391,1,0.0288,0.000314,1.51e-06,0.26,0.798,125.069,audio_features,3dbhZOJK1S0Cmf3lOb9W3M,spotify:track:3dbhZOJK1S0Cmf3lOb9W3M,https://api.spotify.com/v1/tracks/3dbhZOJK1S0Cmf3lOb9W3M,https://api.spotify.com/v1/audio-analysis/3dbhZOJK1S0Cmf3lOb9W3M,214067,4
0.712,0.626,11,-7.966,0,0.174,0.342,0.0,0.108,0.721,96.177,audio_features,5lTBFpNkKWu8nRy3qzEw2h,spotify:track:5lTBFpNkKWu8nRy3qzEw2h,https://api.spotify.com/v1/tracks/5lTBFpNkKWu8nRy3qzEw2h,https://api.spotify.com/v1/audio-analysis/5lTBFpNkKWu8nRy3qzEw2h,248093,4
0.846,0.772,11,-5.735,0,0.259,0.0123,0.000106,0.0769,0.622,125.998,audio_features,7mDKRYiqejoHzP7dQGxLys,spotify:track:7mDKRYiqejoHzP7dQGxLys,https://api.spotify.com/v1/tracks/7mDKRYiqejoHzP7dQGxLys,https://api.spotify.com/v1/audio-analysis/7mDKRYiqejoHzP7dQGxLys,204957,4
0.809,0.858,7,-4.244,1,0.132,0.0492,6.99e-06,0.0695,0.909,120.029,audio_features,1yMvxlVkxC2KFjstP9Au9V,spotify:track:1yMvxlVkxC2KFjstP9Au9V,https://api.spotify.com/v1/tracks/1yMvxlVkxC2KFjstP9Au9V,https://api.spotify.com/v1/audio-analysis/1yMvxlVkxC2KFjstP9Au9V,147911,4
0.674,0.857,6,-5.328,1,0.0346,0.0557,0.196,0.0942,0.278,117.028,audio_features,6aqNCrRA7vs7v6QvRpI50t,spotify:track:6aqNCrRA7vs7v6QvRpI50t,https://api.spotify.com/v1/tracks/6aqNCrRA7vs7v6QvRpI50t,https://api.spotify.com/v1/audio-analysis/6aqNCrRA7vs7v6QvRpI50t,285854,4
0.739,0.772,7,-6.367,1,0.0731,0.231,0.0548,0.0721,0.28,142.472,audio_features,6eVWOyIA4iacH7UaQ1TqzM,spotify:track:6eVWOyIA4iacH7UaQ1TqzM,https://api.spotify.com/v1/tracks/6eVWOyIA4iacH7UaQ1TqzM,https://api.spotify.com/v1/audio-analysis/6eVWOyIA4iacH7UaQ1TqzM,192000,4
0.894,0.678,6,-5.611,0,0.0523,0.00569,2.43e-06,0.317,0.844,105.024,audio_features,0eH2eHURaXUP15D8gQlfjx,spotify:track:0eH2eHURaXUP15D8gQlfjx,https://api.spotify.com/v1/tracks/0eH2eHURaXUP15D8gQlfjx,https://api.spotify.com/v1/audio-analysis/0eH2eHURaXUP15D8gQlfjx,216333,4
0.813,0.636,7,-6.173,0,0.21,0.328,0.0,0.129,0.723,140.948,audio_features,39uEuUEWsAZtozSQRPlf62,spotify:track:39uEuUEWsAZtozSQRPlf62,https://api.spotify.com/v1/tracks/39uEuUEWsAZtozSQRPlf62,https://api.spotify.com/v1/audio-analysis/39uEuUEWsAZtozSQRPlf62,152043,4
0.669,0.761,6,-5.159,1,0.0514,0.352,0.000144,0.351,0.701,119.979,audio_features,4KI75PBShaJaJmM7hvxP7Z,spotify:track:4KI75PBShaJaJmM7hvxP7Z,https://api.spotify.com/v1/tracks/4KI75PBShaJaJmM7hvxP7Z,https://api.spotify.com/v1/audio-analysis/4KI75PBShaJaJmM7hvxP7Z,188875,4
0.693,0.678,8,-7.159,1,0.0324,0.0151,5.71e-06,0.101,0.404,103.952,audio_features,1kKYjjfNYxE0YYgLa7vgVY,spotify:track:1kKYjjfNYxE0YYgLa7vgVY,https://api.spotify.com/v1/tracks/1kKYjjfNYxE0YYgLa7vgVY,https://api.spotify.com/v1/audio-analysis/1kKYjjfNYxE0YYgLa7vgVY,228267,4
0.818,0.799,1,-4.1,0,0.156,0.00107,0.128,0.057,0.0815,100.014,audio_features,67awxiNHNyjMXhVgsHuIrs,spotify:track:67awxiNHNyjMXhVgsHuIrs,https://api.spotify.com/v1/tracks/67awxiNHNyjMXhVgsHuIrs,https://api.spotify.com/v1/audio-analysis/67awxiNHNyjMXhVgsHuIrs,213733,4
0.584,0.889,1,-5.941,0,0.0343,0.0462,0.828,0.309,0.464,126.04,audio_features,5UqCQaDshqbIk3pkhy4Pjg,spotify:track:5UqCQaDshqbIk3pkhy4Pjg,https://api.spotify.com/v1/tracks/5UqCQaDshqbIk3pkhy4Pjg,https://api.spotify.com/v1/audio-analysis/5UqCQaDshqbIk3pkhy4Pjg,199907,4
0.584,0.915,6,-3.199,0,0.11,0.00686,0.000155,0.098,0.57,181.882,audio_features,4vOoQh9MhS9pyrbvc8LyMz,spotify:track:4vOoQh9MhS9pyrbvc8LyMz,https://api.spotify.com/v1/tracks/4vOoQh9MhS9pyrbvc8LyMz,https://api.spotify.com/v1/audio-analysis/4vOoQh9MhS9pyrbvc8LyMz,196940,4
0.663,0.849,11,-4.462,0,0.0334,0.0791,1.2e-06,0.192,0.722,123.992,audio_features,67lbzVADsqJJ6tyVk0XCgn,spotify:track:67lbzVADsqJJ6tyVk0XCgn,https://api.spotify.com/v1/tracks/67lbzVADsqJJ6tyVk0XCgn,https://api.spotify.com/v1/audio-analysis/67lbzVADsqJJ6tyVk0XCgn,146880,4
0.706,0.643,11,-6.929,0,0.234,0.0242,0.0,0.262,0.885,143.931,audio_features,0yvPEnB032fojLfVluFjUv,spotify:track:0yvPEnB032fojLfVluFjUv,https://api.spotify.com/v1/tracks/0yvPEnB032fojLfVluFjUv,https://api.spotify.com/v1/audio-analysis/0yvPEnB032fojLfVluFjUv,203760,4
0.395,0.876,11,-3.859,0,0.138,0.0173,8.46e-06,0.362,0.567,124.638,audio_features,3nIrIytGbcXAK7huhwiXiW,spotify:track:3nIrIytGbcXAK7huhwiXiW,https://api.spotify.com/v1/tracks/3nIrIytGbcXAK7huhwiXiW,https://api.spotify.com/v1/audio-analysis/3nIrIytGbcXAK7huhwiXiW,218107,4
0.584,0.699,1,-6.065,0,0.0378,6.52e-05,6.05e-05,0.486,0.585,82.499,audio_features,1ctdfJSzp6qF2iDAVdDrfl,spotify:track:1ctdfJSzp6qF2iDAVdDrfl,https://api.spotify.com/v1/tracks/1ctdfJSzp6qF2iDAVdDrfl,https://api.spotify.com/v1/audio-analysis/1ctdfJSzp6qF2iDAVdDrfl,212400,4
0.719,0.648,3,-7.6,0,0.125,0.2,0.0,0.127,0.66,140.201,audio_features,5vGLcdRuSbUhD8ScwsGSdA,spotify:track:5vGLcdRuSbUhD8ScwsGSdA,https://api.spotify.com/v1/tracks/5vGLcdRuSbUhD8ScwsGSdA,https://api.spotify.com/v1/audio-analysis/5vGLcdRuSbUhD8ScwsGSdA,123263,4
0.871,0.519,2,-6.549,1,0.258,0.313,8.14e-06,0.0869,0.532,140.013,audio_features,2zxEc1GCSCxbHIXTfhraRC,spotify:track:2zxEc1GCSCxbHIXTfhraRC,https://api.spotify.com/v1/tracks/2zxEc1GCSCxbHIXTfhraRC,https://api.spotify.com/v1/audio-analysis/2zxEc1GCSCxbHIXTfhraRC,251733,4
0.706,0.552,5,-9.479,0,0.0833,0.235,0.0,0.144,0.835,142.037,audio_features,7z5G2LOdV8okZn4yWg3q5g,spotify:track:7z5G2LOdV8okZn4yWg3q5g,https://api.spotify.com/v1/tracks/7z5G2LOdV8okZn4yWg3q5g,https://api.spotify.com/v1/audio-analysis/7z5G2LOdV8okZn4yWg3q5g,175775,4
0.451,0.948,0,-0.74,1,0.147,0.255,0.0,0.392,0.295,176.985,audio_features,3uIGef7OSXkFdqxjFWn2o6,spotify:track:3uIGef7OSXkFdqxjFWn2o6,https://api.spotify.com/v1/tracks/3uIGef7OSXkFdqxjFWn2o6,https://api.spotify.com/v1/audio-analysis/3uIGef7OSXkFdqxjFWn2o6,192447,4
0.742,0.947,9,-4.631,0,0.0396,0.00104,0.13,0.355,0.592,125.021,audio_features,6K43zu0UqLQSj3T6nNOeH5,spotify:track:6K43zu0UqLQSj3T6nNOeH5,https://api.spotify.com/v1/tracks/6K43zu0UqLQSj3T6nNOeH5,https://api.spotify.com/v1/audio-analysis/6K43zu0UqLQSj3T6nNOeH5,195960,4
0.807,0.75,11,-4.396,1,0.237,0.17,0.0,0.164,0.961,141.176,audio_features,6A3SB2C4U6JtCavQOXLYNN,spotify:track:6A3SB2C4U6JtCavQOXLYNN,https://api.spotify.com/v1/tracks/6A3SB2C4U6JtCavQOXLYNN,https://api.spotify.com/v1/audio-analysis/6A3SB2C4U6JtCavQOXLYNN,139574,4
0.805,0.763,8,-5.881,1,0.0801,0.0583,0.0,0.426,0.607,127.968,audio_features,4LNJEZ4PEOZH6jyJuKEaUP,spotify:track:4LNJEZ4PEOZH6jyJuKEaUP,https://api.spotify.com/v1/tracks/4LNJEZ4PEOZH6jyJuKEaUP,https://api.spotify.com/v1/audio-analysis/4LNJEZ4PEOZH6jyJuKEaUP,152344,4
0.62,0.837,8,-4.356,0,0.13,0.128,0.000242,0.242,0.433,172.081,audio_features,5RobAV5ROH5KARimi7n3cO,spotify:track:5RobAV5ROH5KARimi7n3cO,https://api.spotify.com/v1/tracks/5RobAV5ROH5KARimi7n3cO,https://api.spotify.com/v1/audio-analysis/5RobAV5ROH5KARimi7n3cO,170438,4
0.755,0.931,6,-3.376,0,0.0693,0.186,5.11e-05,0.104,0.742,129.978,audio_features,6i8w8Zdud22ehgJrrzqIVi,spotify:track:6i8w8Zdud22ehgJrrzqIVi,https://api.spotify.com/v1/tracks/6i8w8Zdud22ehgJrrzqIVi,https://api.spotify.com/v1/audio-analysis/6i8w8Zdud22ehgJrrzqIVi,232615,4
0.779,0.705,0,-3.895,1,0.0344,0.369,7.91e-06,0.124,0.946,101.022,audio_features,27u7t9d7ZQoyjsCROHuZJ3,spotify:track:27u7t9d7ZQoyjsCROHuZJ3,https://api.spotify.com/v1/tracks/27u7t9d7ZQoyjsCROHuZJ3,https://api.spotify.com/v1/audio-analysis/27u7t9d7ZQoyjsCROHuZJ3,178374,4
0.753,0.569,11,-6.893,0,0.259,0.0159,0.0,0.256,0.49,95.028,audio_features,46pZkfJiFbBOmtaEb0quym,spotify:track:46pZkfJiFbBOmtaEb0quym,https://api.spotify.com/v1/tracks/46pZkfJiFbBOmtaEb0quym,https://api.spotify.com/v1/audio-analysis/46pZkfJiFbBOmtaEb0quym,225060,4
0.848,0.768,6,-5.386,0,0.0373,0.0412,0.000785,0.195,0.777,118.961,audio_features,66W1rVTnEv86dIkFhoiElg,spotify:track:66W1rVTnEv86dIkFhoiElg,https://api.spotify.com/v1/tracks/66W1rVTnEv86dIkFhoiElg,https://api.spotify.com/v1/audio-analysis/66W1rVTnEv86dIkFhoiElg,176767,4
0.644,0.863,5,-5.404,1,0.318,0.109,0.0,0.109,0.642,129.275,audio_features,63bsPe8aayiERVIgTV9EBS,spotify:track:63bsPe8aayiERVIgTV9EBS,https://api.spotify.com/v1/tracks/63bsPe8aayiERVIgTV9EBS,https://api.spotify.com/v1/audio-analysis/63bsPe8aayiERVIgTV9EBS,195000,4
0.698,0.895,0,-4.439,1,0.0628,0.172,1.45e-05,0.409,0.838,114.914,audio_features,3i0FkJYlU4MFfYkjFHXXAM,spotify:track:3i0FkJYlU4MFfYkjFHXXAM,https://api.spotify.com/v1/tracks/3i0FkJYlU4MFfYkjFHXXAM,https://api.spotify.com/v1/audio-analysis/3i0FkJYlU4MFfYkjFHXXAM,229605,4
0.88,0.593,5,-5.394,1,0.0326,0.598,0.0,0.156,0.904,126.992,audio_features,0Fd9LHU2Eu8RGaxchCQbaP,spotify:track:0Fd9LHU2Eu8RGaxchCQbaP,https://api.spotify.com/v1/tracks/0Fd9LHU2Eu8RGaxchCQbaP,https://api.spotify.com/v1/audio-analysis/0Fd9LHU2Eu8RGaxchCQbaP,200433,4
0.799,0.756,11,-6.816,0,0.149,0.0405,0.0,0.241,0.616,125.058,audio_features,4vhApWxN8Ezb80g7xXr7W7,spotify:track:4vhApWxN8Ezb80g7xXr7W7,https://api.spotify.com/v1/tracks/4vhApWxN8Ezb80g7xXr7W7,https://api.spotify.com/v1/audio-analysis/4vhApWxN8Ezb80g7xXr7W7,230477,4
0.916,0.583,1,-8.067,1,0.241,0.186,0.0,0.0798,0.661,141.095,audio_features,2FDTHlrBguDzQkp7PVj16Q,spotify:track:2FDTHlrBguDzQkp7PVj16Q,https://api.spotify.com/v1/tracks/2FDTHlrBguDzQkp7PVj16Q,https://api.spotify.com/v1/audio-analysis/2FDTHlrBguDzQkp7PVj16Q,226383,4
0.858,0.908,1,-6.077,1,0.13,0.356,0.0,0.202,0.808,134.958,audio_features,1nwsqIhMaK6LAlSjhqt02x,spotify:track:1nwsqIhMaK6LAlSjhqt02x,https://api.spotify.com/v1/tracks/1nwsqIhMaK6LAlSjhqt02x,https://api.spotify.com/v1/audio-analysis/1nwsqIhMaK6LAlSjhqt02x,176247,4
0.568,0.929,4,-3.274,0,0.0845,0.00188,0.165,0.39,0.557,124.0,audio_features,2kYDYNJcZyEADRXwoZgQUk,spotify:track:2kYDYNJcZyEADRXwoZgQUk,https://api.spotify.com/v1/tracks/2kYDYNJcZyEADRXwoZgQUk,https://api.spotify.com/v1/audio-analysis/2kYDYNJcZyEADRXwoZgQUk,197880,4
0.562,0.756,1,-4.911,1,0.137,0.0206,0.0,0.0797,0.671,130.97,audio_features,3PIFmXwdhCKITMmWQqXhef,spotify:track:3PIFmXwdhCKITMmWQqXhef,https://api.spotify.com/v1/tracks/3PIFmXwdhCKITMmWQqXhef,https://api.spotify.com/v1/audio-analysis/3PIFmXwdhCKITMmWQqXhef,160000,4
0.78,0.689,7,-5.668,1,0.141,0.0368,9.69e-06,0.0698,0.642,115.042,audio_features,1xzi1Jcr7mEi9K2RfzLOqS,spotify:track:1xzi1Jcr7mEi9K2RfzLOqS,https://api.spotify.com/v1/tracks/1xzi1Jcr7mEi9K2RfzLOqS,https://api.spotify.com/v1/audio-analysis/1xzi1Jcr7mEi9K2RfzLOqS,225389,4
0.713,0.886,10,-4.451,0,0.271,0.0746,0.0,0.215,0.747,140.054,audio_features,0Bdp2yHwTggUh5zJSGh2dx,spotify:track:0Bdp2yHwTggUh5zJSGh2dx,https://api.spotify.com/v1/tracks/0Bdp2yHwTggUh5zJSGh2dx,https://api.spotify.com/v1/audio-analysis/0Bdp2yHwTggUh5zJSGh2dx,192857,4
0.611,0.685,7,-5.125,0,0.414,0.247,0.0,0.34,0.726,125.208,audio_features,16tkKZuhTU0c1mE9ac63Mo,spotify:track:16tkKZuhTU0c1mE9ac63Mo,https://api.spotify.com/v1/tracks/16tkKZuhTU0c1mE9ac63Mo,https://api.spotify.com/v1/audio-analysis/16tkKZuhTU0c1mE9ac63Mo,228600,5
0.956,0.417,7,-7.892,0,0.0926,0.572,0.00071,0.0782,0.714,108.015,audio_features,4hJhHbkhZFnxmWbAkZRoe0,spotify:track:4hJhHbkhZFnxmWbAkZRoe0,https://api.spotify.com/v1/tracks/4hJhHbkhZFnxmWbAkZRoe0,https://api.spotify.com/v1/audio-analysis/4hJhHbkhZFnxmWbAkZRoe0,187111,4
0.561,0.965,7,-3.673,0,0.0343,0.00383,7.07e-06,0.371,0.304,128.04,audio_features,4uUG5RXrOk84mYEfFvj3cK,spotify:track:4uUG5RXrOk84mYEfFvj3cK,https://api.spotify.com/v1/tracks/4uUG5RXrOk84mYEfFvj3cK,https://api.spotify.com/v1/audio-analysis/4uUG5RXrOk84mYEfFvj3cK,175238,4
0.911,0.573,6,-7.43,1,0.288,0.38,0.0,0.403,0.972,140.04,audio_features,3LtpKP5abr2qqjunvjlX5i,spotify:track:3LtpKP5abr2qqjunvjlX5i,https://api.spotify.com/v1/tracks/3LtpKP5abr2qqjunvjlX5i,https://api.spotify.com/v1/audio-analysis/3LtpKP5abr2qqjunvjlX5i,97393,4
0.628,0.738,6,-5.045,0,0.0367,0.0156,0.281,0.153,0.699,125.928,audio_features,4vyG9ZhHT8MKJE5mTICMFC,spotify:track:4vyG9ZhHT8MKJE5mTICMFC,https://api.spotify.com/v1/tracks/4vyG9ZhHT8MKJE5mTICMFC,https://api.spotify.com/v1/audio-analysis/4vyG9ZhHT8MKJE5mTICMFC,162879,4
0.581,0.907,6,-4.844,0,0.0651,0.019,0.00988,0.312,0.608,127.982,audio_features,2VZ5Vtjn16RThAvaFz3sJZ,spotify:track:2VZ5Vtjn16RThAvaFz3sJZ,https://api.spotify.com/v1/tracks/2VZ5Vtjn16RThAvaFz3sJZ,https://api.spotify.com/v1/audio-analysis/2VZ5Vtjn16RThAvaFz3sJZ,218160,4
0.56,0.889,2,-4.5,1,0.244,0.0449,0.0,0.415,0.633,150.196,audio_features,0xG5kls0wPIqSBWvoEIfiz,spotify:track:0xG5kls0wPIqSBWvoEIfiz,https://api.spotify.com/v1/tracks/0xG5kls0wPIqSBWvoEIfiz,https://api.spotify.com/v1/audio-analysis/0xG5kls0wPIqSBWvoEIfiz,153600,4
0.71,0.882,4,-2.932,0,0.0595,0.00777,0.00771,0.294,0.875,128.016,audio_features,4wkQmYpAaMe41Rc3sYZ7Vz,spotify:track:4wkQmYpAaMe41Rc3sYZ7Vz,https://api.spotify.com/v1/tracks/4wkQmYpAaMe41Rc3sYZ7Vz,https://api.spotify.com/v1/audio-analysis/4wkQmYpAaMe41Rc3sYZ7Vz,232800,4
0.703,0.837,8,-3.606,1,0.0395,0.0214,4.45e-05,0.104,0.356,124.953,audio_features,5lWUeSYO61UYgNlFlqcwYl,spotify:track:5lWUeSYO61UYgNlFlqcwYl,https://api.spotify.com/v1/tracks/5lWUeSYO61UYgNlFlqcwYl,https://api.spotify.com/v1/audio-analysis/5lWUeSYO61UYgNlFlqcwYl,182439,4
0.595,0.887,8,-2.386,1,0.124,0.000784,0.0294,0.0638,0.497,125.169,audio_features,15hut9fX33giUAMyycwvsV,spotify:track:15hut9fX33giUAMyycwvsV,https://api.spotify.com/v1/tracks/15hut9fX33giUAMyycwvsV,https://api.spotify.com/v1/audio-analysis/15hut9fX33giUAMyycwvsV,226453,4
0.61,0.658,9,-8.873,0,0.357,0.439,8.68e-05,0.184,0.38,103.61,audio_features,1ctfBZWxXzRjCHJQizKxkc,spotify:track:1ctfBZWxXzRjCHJQizKxkc,https://api.spotify.com/v1/tracks/1ctfBZWxXzRjCHJQizKxkc,https://api.spotify.com/v1/audio-analysis/1ctfBZWxXzRjCHJQizKxkc,173397,4
0.621,0.785,6,-4.499,1,0.11,0.0165,5.92e-06,0.0512,0.779,123.96,audio_features,1RF02Cf80mTaeNXG2P2boR,spotify:track:1RF02Cf80mTaeNXG2P2boR,https://api.spotify.com/v1/tracks/1RF02Cf80mTaeNXG2P2boR,https://api.spotify.com/v1/audio-analysis/1RF02Cf80mTaeNXG2P2boR,155253,4
0.716,0.884,11,0.093,0,0.0863,0.0315,0.000364,0.122,0.348,87.486,audio_features,2lYwcPkh1JM8KV7i9I18yi,spotify:track:2lYwcPkh1JM8KV7i9I18yi,https://api.spotify.com/v1/tracks/2lYwcPkh1JM8KV7i9I18yi,https://api.spotify.com/v1/audio-analysis/2lYwcPkh1JM8KV7i9I18yi,204550,4
0.67,0.966,3,-1.994,0,0.177,0.0292,0.0,0.185,0.77,113.046,audio_features,4WbO3H3wFGUdrngpMMs4sF,spotify:track:4WbO3H3wFGUdrngpMMs4sF,https://api.spotify.com/v1/tracks/4WbO3H3wFGUdrngpMMs4sF,https://api.spotify.com/v1/audio-analysis/4WbO3H3wFGUdrngpMMs4sF,185595,4
0.627,0.69,10,-5.396,0,0.139,0.033,0.0,0.0742,0.627,122.053,audio_features,1nYeVF5vIBxMxfPoL0SIWg,spotify:track:1nYeVF5vIBxMxfPoL0SIWg,https://api.spotify.com/v1/tracks/1nYeVF5vIBxMxfPoL0SIWg,https://api.spotify.com/v1/audio-analysis/1nYeVF5vIBxMxfPoL0SIWg,208505,4
0.803,0.597,11,-6.035,0,0.141,0.000619,4.5e-06,0.323,0.331,136.008,audio_features,0k1WUmIRnG3xU6fvvDVfRG,spotify:track:0k1WUmIRnG3xU6fvvDVfRG,https://api.spotify.com/v1/tracks/0k1WUmIRnG3xU6fvvDVfRG,https://api.spotify.com/v1/audio-analysis/0k1WUmIRnG3xU6fvvDVfRG,257605,4
0.873,0.635,3,-7.488,0,0.296,0.128,0.0,0.187,0.481,108.039,audio_features,0pMt7yNoZTu1gQByxkXaMu,spotify:track:0pMt7yNoZTu1gQByxkXaMu,https://api.spotify.com/v1/tracks/0pMt7yNoZTu1gQByxkXaMu,https://api.spotify.com/v1/audio-analysis/0pMt7yNoZTu1gQByxkXaMu,198000,4
0.835,0.669,6,-5.582,0,0.0643,0.0336,6.92e-05,0.0535,0.542,122.668,audio_features,1Jo0Zg7XlrA6z0mFTZVdkn,spotify:track:1Jo0Zg7XlrA6z0mFTZVdkn,https://api.spotify.com/v1/tracks/1Jo0Zg7XlrA6z0mFTZVdkn,https://api.spotify.com/v1/audio-analysis/1Jo0Zg7XlrA6z0mFTZVdkn,267080,4
0.538,0.742,2,-5.355,1,0.114,0.138,4.67e-05,0.0934,0.25,96.107,audio_features,5mHdCZtVyb4DcJw8799hZp,spotify:track:5mHdCZtVyb4DcJw8799hZp,https://api.spotify.com/v1/tracks/5mHdCZtVyb4DcJw8799hZp,https://api.spotify.com/v1/audio-analysis/5mHdCZtVyb4DcJw8799hZp,272373,4
0.726,0.818,11,-6.238,0,0.319,0.229,0.0,0.0544,0.679,140.042,audio_features,0VcgLoEMA06AKqPxxj2YQs,spotify:track:0VcgLoEMA06AKqPxxj2YQs,https://api.spotify.com/v1/tracks/0VcgLoEMA06AKqPxxj2YQs,https://api.spotify.com/v1/audio-analysis/0VcgLoEMA06AKqPxxj2YQs,222496,4
0.831,0.744,4,-8.232,0,0.0403,0.0994,0.000151,0.173,0.885,123.876,audio_features,4ReVjXSiFM92lmjAncPtZW,spotify:track:4ReVjXSiFM92lmjAncPtZW,https://api.spotify.com/v1/tracks/4ReVjXSiFM92lmjAncPtZW,https://api.spotify.com/v1/audio-analysis/4ReVjXSiFM92lmjAncPtZW,220943,4
0.783,0.58,7,-6.548,1,0.0408,0.0114,2.28e-06,0.108,0.66,120.021,audio_features,20I6sIOMTCkB6w7ryavxtO,spotify:track:20I6sIOMTCkB6w7ryavxtO,https://api.spotify.com/v1/tracks/20I6sIOMTCkB6w7ryavxtO,https://api.spotify.com/v1/audio-analysis/20I6sIOMTCkB6w7ryavxtO,193400,4
0.579,0.579,11,-6.787,0,0.394,0.387,0.0,0.17,0.842,104.757,audio_features,6DXEZzM4wBa3EOl0NCNSvz,spotify:track:6DXEZzM4wBa3EOl0NCNSvz,https://api.spotify.com/v1/tracks/6DXEZzM4wBa3EOl0NCNSvz,https://api.spotify.com/v1/audio-analysis/6DXEZzM4wBa3EOl0NCNSvz,181413,4
0.755,0.837,2,-2.718,0,0.142,0.0991,0.0,0.289,0.714,120.028,audio_features,0HPD5WQqrq7wPWR7P7Dw1i,spotify:track:0HPD5WQqrq7wPWR7P7Dw1i,https://api.spotify.com/v1/tracks/0HPD5WQqrq7wPWR7P7Dw1i,https://api.spotify.com/v1/audio-analysis/0HPD5WQqrq7wPWR7P7Dw1i,199693,4
0.842,0.509,1,-8.644,0,0.426,0.526,0.000285,0.118,0.521,120.001,audio_features,70Gw6yQcnYCBKXTFONiDtc,spotify:track:70Gw6yQcnYCBKXTFONiDtc,https://api.spotify.com/v1/tracks/70Gw6yQcnYCBKXTFONiDtc,https://api.spotify.com/v1/audio-analysis/70Gw6yQcnYCBKXTFONiDtc,207065,4
0.752,0.813,4,-8.069,0,0.237,0.2,0.0,0.163,0.559,103.836,audio_features,4wHkV6OpCanrNg2PRNhWjM,spotify:track:4wHkV6OpCanrNg2PRNhWjM,https://api.spotify.com/v1/tracks/4wHkV6OpCanrNg2PRNhWjM,https://api.spotify.com/v1/audio-analysis/4wHkV6OpCanrNg2PRNhWjM,177733,4
0.742,0.709,1,-3.585,0,0.259,0.126,0.0,0.177,0.324,94.618,audio_features,2gGyUF86bijvQyjcOcJxNw,spotify:track:2gGyUF86bijvQyjcOcJxNw,https://api.spotify.com/v1/tracks/2gGyUF86bijvQyjcOcJxNw,https://api.spotify.com/v1/audio-analysis/2gGyUF86bijvQyjcOcJxNw,136032,4
0.734,0.766,1,-4.485,1,0.0383,0.025,0.00138,0.108,0.6,127.986,audio_features,6qn9YLKt13AGvpq9jfO8py,spotify:track:6qn9YLKt13AGvpq9jfO8py,https://api.spotify.com/v1/tracks/6qn9YLKt13AGvpq9jfO8py,https://api.spotify.com/v1/audio-analysis/6qn9YLKt13AGvpq9jfO8py,215227,4
0.638,0.717,8,-5.804,1,0.0375,0.001,1.79e-06,0.113,0.422,141.904,audio_features,59NraMJsLaMCVtwXTSia8i,spotify:track:59NraMJsLaMCVtwXTSia8i,https://api.spotify.com/v1/tracks/59NraMJsLaMCVtwXTSia8i,https://api.spotify.com/v1/audio-analysis/59NraMJsLaMCVtwXTSia8i,132359,4
0.588,0.791,7,-5.595,1,0.0402,0.00245,0.00258,0.118,0.487,94.933,audio_features,0ug5NqcwcFR2xrfTkc7k8e,spotify:track:0ug5NqcwcFR2xrfTkc7k8e,https://api.spotify.com/v1/tracks/0ug5NqcwcFR2xrfTkc7k8e,https://api.spotify.com/v1/audio-analysis/0ug5NqcwcFR2xrfTkc7k8e,231000,4
0.671,0.715,5,-5.304,1,0.206,0.0704,0.0,0.131,0.568,142.852,audio_features,6GkFcz1YNlGwDVyGSgwp3k,spotify:track:6GkFcz1YNlGwDVyGSgwp3k,https://api.spotify.com/v1/tracks/6GkFcz1YNlGwDVyGSgwp3k,https://api.spotify.com/v1/audio-analysis/6GkFcz1YNlGwDVyGSgwp3k,179580,4
0.814,0.899,1,-5.958,1,0.0637,0.00727,0.219,0.0979,0.545,119.011,audio_features,2n4uOdMHzEvcZ0KP7iQnay,spotify:track:2n4uOdMHzEvcZ0KP7iQnay,https://api.spotify.com/v1/tracks/2n4uOdMHzEvcZ0KP7iQnay,https://api.spotify.com/v1/audio-analysis/2n4uOdMHzEvcZ0KP7iQnay,242013,4
0.675,0.862,11,-4.614,1,0.0253,0.0165,0.000427,0.169,0.498,129.967,audio_features,1hRFVIy9As8OVRk8B7CrD5,spotify:track:1hRFVIy9As8OVRk8B7CrD5,https://api.spotify.com/v1/tracks/1hRFVIy9As8OVRk8B7CrD5,https://api.spotify.com/v1/audio-analysis/1hRFVIy9As8OVRk8B7CrD5,191000,4
0.753,0.885,3,-5.509,0,0.0394,0.0504,0.000958,0.366,0.863,102.785,audio_features,4h9TZLHS7AZ30pt5c1o5Em,spotify:track:4h9TZLHS7AZ30pt5c1o5Em,https://api.spotify.com/v1/tracks/4h9TZLHS7AZ30pt5c1o5Em,https://api.spotify.com/v1/audio-analysis/4h9TZLHS7AZ30pt5c1o5Em,191693,4
0.707,0.643,4,-5.322,0,0.0394,0.0348,0.000368,0.117,0.405,110.988,audio_features,1KQgOBG9Rvi1v9AmyZgCGC,spotify:track:1KQgOBG9Rvi1v9AmyZgCGC,https://api.spotify.com/v1/tracks/1KQgOBG9Rvi1v9AmyZgCGC,https://api.spotify.com/v1/audio-analysis/1KQgOBG9Rvi1v9AmyZgCGC,234267,4
0.587,0.924,11,-5.433,0,0.0457,0.0311,0.0171,0.23,0.509,140.009,audio_features,22dUzMFttcR3uU17NcOAIv,spotify:track:22dUzMFttcR3uU17NcOAIv,https://api.spotify.com/v1/tracks/22dUzMFttcR3uU17NcOAIv,https://api.spotify.com/v1/audio-analysis/22dUzMFttcR3uU17NcOAIv,179162,4
0.664,0.705,1,-4.972,0,0.0382,0.0654,0.0,0.118,0.477,122.016,audio_features,2tpWsVSb9UEmDRxAl1zhX1,spotify:track:2tpWsVSb9UEmDRxAl1zhX1,https://api.spotify.com/v1/tracks/2tpWsVSb9UEmDRxAl1zhX1,https://api.spotify.com/v1/audio-analysis/2tpWsVSb9UEmDRxAl1zhX1,257267,4
0.581,0.912,11,-5.728,0,0.343,0.00981,0.0,0.0978,0.56,128.077,audio_features,55EINX1PxT45s5rpO8UIQw,spotify:track:55EINX1PxT45s5rpO8UIQw,https://api.spotify.com/v1/tracks/55EINX1PxT45s5rpO8UIQw,https://api.spotify.com/v1/audio-analysis/55EINX1PxT45s5rpO8UIQw,238490,4
0.561,0.635,11,-8.482,1,0.353,0.0446,0.0,0.217,0.7,49.656,audio_features,4UYESIKtM26pOgH3E9Dcgh,spotify:track:4UYESIKtM26pOgH3E9Dcgh,https://api.spotify.com/v1/tracks/4UYESIKtM26pOgH3E9Dcgh,https://api.spotify.com/v1/audio-analysis/4UYESIKtM26pOgH3E9Dcgh,192213,3
0.668,0.92,9,-1.268,0,0.35,0.603,0.0,0.472,0.803,156.232,audio_features,6ye81VmaUv2azzXoYCnqsA,spotify:track:6ye81VmaUv2azzXoYCnqsA,https://api.spotify.com/v1/tracks/6ye81VmaUv2azzXoYCnqsA,https://api.spotify.com/v1/audio-analysis/6ye81VmaUv2azzXoYCnqsA,67775,4
0.552,0.98,9,-4.676,0,0.254,0.00159,0.00552,0.438,0.668,162.961,audio_features,4Dio1t8RHzLv1nfPJTSZyP,spotify:track:4Dio1t8RHzLv1nfPJTSZyP,https://api.spotify.com/v1/tracks/4Dio1t8RHzLv1nfPJTSZyP,https://api.spotify.com/v1/audio-analysis/4Dio1t8RHzLv1nfPJTSZyP,195440,4
0.791,0.658,7,-11.128,1,0.0445,0.00653,0.0,0.0472,0.842,120.066,audio_features,0uqvSVhGgQTIdj9G51vhvv,spotify:track:0uqvSVhGgQTIdj9G51vhvv,https://api.spotify.com/v1/tracks/0uqvSVhGgQTIdj9G51vhvv,https://api.spotify.com/v1/audio-analysis/0uqvSVhGgQTIdj9G51vhvv,245000,4
0.598,0.851,5,-4.245,0,0.12,0.0355,2.81e-05,0.365,0.612,202.046,audio_features,0F2HPooQ20wUQxOOued2JV,spotify:track:0F2HPooQ20wUQxOOued2JV,https://api.spotify.com/v1/tracks/0F2HPooQ20wUQxOOued2JV,https://api.spotify.com/v1/audio-analysis/0F2HPooQ20wUQxOOued2JV,203987,4
0.788,0.753,0,-3.727,1,0.0551,0.00399,0.0,0.184,0.417,125.012,audio_features,5uOUxoxEMZQo0cFT9YWFdi,spotify:track:5uOUxoxEMZQo0cFT9YWFdi,https://api.spotify.com/v1/tracks/5uOUxoxEMZQo0cFT9YWFdi,https://api.spotify.com/v1/audio-analysis/5uOUxoxEMZQo0cFT9YWFdi,234653,4
0.522,0.391,4,-8.006,0,0.0533,0.0196,0.0,0.271,0.227,101.037,audio_features,5FhND5y0eK5jgPsZhubC8Q,spotify:track:5FhND5y0eK5jgPsZhubC8Q,https://api.spotify.com/v1/tracks/5FhND5y0eK5jgPsZhubC8Q,https://api.spotify.com/v1/audio-analysis/5FhND5y0eK5jgPsZhubC8Q,192653,4
0.636,0.869,9,-5.289,1,0.0412,0.0378,0.0446,0.0808,0.306,143.011,audio_features,5eTaQYBE1yrActixMAeLcZ,spotify:track:5eTaQYBE1yrActixMAeLcZ,https://api.spotify.com/v1/tracks/5eTaQYBE1yrActixMAeLcZ,https://api.spotify.com/v1/audio-analysis/5eTaQYBE1yrActixMAeLcZ,186496,4
0.724,0.711,7,-8.152,0,0.274,0.314,0.0,0.169,0.765,142.938,audio_features,72v1J97VEDEoAq66SQW0yh,spotify:track:72v1J97VEDEoAq66SQW0yh,https://api.spotify.com/v1/tracks/72v1J97VEDEoAq66SQW0yh,https://api.spotify.com/v1/audio-analysis/72v1J97VEDEoAq66SQW0yh,142315,4
0.726,0.931,11,-4.152,0,0.0469,0.0218,0.000275,0.143,0.796,126.976,audio_features,4ycxTFeO4ZADJwJZaMGMYb,spotify:track:4ycxTFeO4ZADJwJZaMGMYb,https://api.spotify.com/v1/tracks/4ycxTFeO4ZADJwJZaMGMYb,https://api.spotify.com/v1/audio-analysis/4ycxTFeO4ZADJwJZaMGMYb,195105,4
0.671,0.882,8,-6.149,0,0.0552,0.00181,0.667,0.285,0.787,136.955,audio_features,5XVjNRubJUW0iPhhSWpLCj,spotify:track:5XVjNRubJUW0iPhhSWpLCj,https://api.spotify.com/v1/tracks/5XVjNRubJUW0iPhhSWpLCj,https://api.spotify.com/v1/audio-analysis/5XVjNRubJUW0iPhhSWpLCj,214883,4
0.362,0.432,2,-9.359,0,0.112,0.0882,0.0,0.264,0.256,81.29,audio_features,1r6qzxz77Tvbrvqd1Q1MIN,spotify:track:1r6qzxz77Tvbrvqd1Q1MIN,https://api.spotify.com/v1/tracks/1r6qzxz77Tvbrvqd1Q1MIN,https://api.spotify.com/v1/audio-analysis/1r6qzxz77Tvbrvqd1Q1MIN,221169,4
0.679,0.651,7,-11.104,0,0.0446,0.167,0.059,0.11,0.343,97.939,audio_features,07lfbkBO2hAaAuDRxKOe0d,spotify:track:07lfbkBO2hAaAuDRxKOe0d,https://api.spotify.com/v1/tracks/07lfbkBO2hAaAuDRxKOe0d,https://api.spotify.com/v1/audio-analysis/07lfbkBO2hAaAuDRxKOe0d,180261,4
0.467,0.703,8,-7.147,1,0.299,0.026,0.0,0.296,0.407,86.56,audio_features,5IWTsQ5rdWC1P9gpCz1huA,spotify:track:5IWTsQ5rdWC1P9gpCz1huA,https://api.spotify.com/v1/tracks/5IWTsQ5rdWC1P9gpCz1huA,https://api.spotify.com/v1/audio-analysis/5IWTsQ5rdWC1P9gpCz1huA,111534,4
0.651,0.512,4,-9.902,0,0.0387,0.0715,0.144,0.327,0.572,172.662,audio_features,72B9NYwezXKc0zQNW0KZ7c,spotify:track:72B9NYwezXKc0zQNW0KZ7c,https://api.spotify.com/v1/tracks/72B9NYwezXKc0zQNW0KZ7c,https://api.spotify.com/v1/audio-analysis/72B9NYwezXKc0zQNW0KZ7c,111426,4
0.913,0.728,6,-7.964,0,0.0514,0.0107,0.000791,0.0764,0.49,120.008,audio_features,2BJgkYIIo3Z4Tj01XE40Sk,spotify:track:2BJgkYIIo3Z4Tj01XE40Sk,https://api.spotify.com/v1/tracks/2BJgkYIIo3Z4Tj01XE40Sk,https://api.spotify.com/v1/audio-analysis/2BJgkYIIo3Z4Tj01XE40Sk,163893,4
0.675,0.788,5,-6.632,1,0.0364,0.0162,3.27e-06,0.11,0.42,123.985,audio_features,2Bh3iAcuR2x4TSPquA6F25,spotify:track:2Bh3iAcuR2x4TSPquA6F25,https://api.spotify.com/v1/tracks/2Bh3iAcuR2x4TSPquA6F25,https://api.spotify.com/v1/audio-analysis/2Bh3iAcuR2x4TSPquA6F25,218373,4
0.694,0.712,7,-3.923,0,0.046,0.132,0.0,0.211,0.799,98.023,audio_features,1rIKgCH4H52lrvDcz50hS8,spotify:track:1rIKgCH4H52lrvDcz50hS8,https://api.spotify.com/v1/tracks/1rIKgCH4H52lrvDcz50hS8,https://api.spotify.com/v1/audio-analysis/1rIKgCH4H52lrvDcz50hS8,201122,4
0.719,0.847,0,-6.34,0,0.0916,0.00201,0.0204,0.223,0.444,127.963,audio_features,1uN0f4NqMDcReSwXO6PLuG,spotify:track:1uN0f4NqMDcReSwXO6PLuG,https://api.spotify.com/v1/tracks/1uN0f4NqMDcReSwXO6PLuG,https://api.spotify.com/v1/audio-analysis/1uN0f4NqMDcReSwXO6PLuG,242680,4
0.828,0.621,8,-6.414,1,0.0565,0.0164,0.00233,0.0845,0.436,128.986,audio_features,0k4d5YPDr1r7FX77VdqWez,spotify:track:0k4d5YPDr1r7FX77VdqWez,https://api.spotify.com/v1/tracks/0k4d5YPDr1r7FX77VdqWez,https://api.spotify.com/v1/audio-analysis/0k4d5YPDr1r7FX77VdqWez,186173,4
0.837,0.567,8,-6.709,1,0.0649,0.0158,0.00139,0.118,0.502,129.001,audio_features,4rmwWGh87KY0ouByBEh1zC,spotify:track:4rmwWGh87KY0ouByBEh1zC,https://api.spotify.com/v1/tracks/4rmwWGh87KY0ouByBEh1zC,https://api.spotify.com/v1/audio-analysis/4rmwWGh87KY0ouByBEh1zC,246040,4
0.88,0.428,9,-8.28,1,0.206,0.149,5.05e-05,0.114,0.333,100.007,audio_features,7sO5G9EABYOXQKNPNiE9NR,spotify:track:7sO5G9EABYOXQKNPNiE9NR,https://api.spotify.com/v1/tracks/7sO5G9EABYOXQKNPNiE9NR,https://api.spotify.com/v1/audio-analysis/7sO5G9EABYOXQKNPNiE9NR,172800,4
0.712,0.564,8,-6.527,1,0.047,0.0266,0.0,0.0874,0.411,95.95,audio_features,72Bz4ciRZPBcVSw0nrZDHi,spotify:track:72Bz4ciRZPBcVSw0nrZDHi,https://api.spotify.com/v1/tracks/72Bz4ciRZPBcVSw0nrZDHi,https://api.spotify.com/v1/audio-analysis/72Bz4ciRZPBcVSw0nrZDHi,207747,4
0.649,0.918,9,-1.731,0,0.357,0.538,0.0,0.483,0.792,156.267,audio_features,4KL3X3WJqJTyM79kVrzfeV,spotify:track:4KL3X3WJqJTyM79kVrzfeV,https://api.spotify.com/v1/tracks/4KL3X3WJqJTyM79kVrzfeV,https://api.spotify.com/v1/audio-analysis/4KL3X3WJqJTyM79kVrzfeV,67775,4
0.568,0.929,4,-3.274,0,0.0845,0.00188,0.165,0.39,0.557,124.0,audio_features,1hIj5fZhmr8hsEpWhMOoiy,spotify:track:1hIj5fZhmr8hsEpWhMOoiy,https://api.spotify.com/v1/tracks/1hIj5fZhmr8hsEpWhMOoiy,https://api.spotify.com/v1/audio-analysis/1hIj5fZhmr8hsEpWhMOoiy,197880,4
0.362,0.432,2,-9.359,0,0.112,0.0882,0.0,0.264,0.256,81.29,audio_features,2p6Fh5ruk8YUaO43huubHW,spotify:track:2p6Fh5ruk8YUaO43huubHW,https://api.spotify.com/v1/tracks/2p6Fh5ruk8YUaO43huubHW,https://api.spotify.com/v1/audio-analysis/2p6Fh5ruk8YUaO43huubHW,221169,4
0.435,0.768,6,-5.352,0,0.201,0.0857,0.000231,0.0918,0.378,107.588,audio_features,3XCpS4k8WqNnCpcDOSRRuz,spotify:track:3XCpS4k8WqNnCpcDOSRRuz,https://api.spotify.com/v1/tracks/3XCpS4k8WqNnCpcDOSRRuz,https://api.spotify.com/v1/audio-analysis/3XCpS4k8WqNnCpcDOSRRuz,239888,4
0.864,0.556,2,-7.683,0,0.194,0.255,3.85e-06,0.112,0.726,99.974,audio_features,56y1jOTK0XSvJzVv9vHQBK,spotify:track:56y1jOTK0XSvJzVv9vHQBK,https://api.spotify.com/v1/tracks/56y1jOTK0XSvJzVv9vHQBK,https://api.spotify.com/v1/audio-analysis/56y1jOTK0XSvJzVv9vHQBK,230480,4
0.772,0.821,11,-0.14,0,0.25,0.223,0.0,0.148,0.77,91.921,audio_features,1SWVDBtw6h3tm9OehOkDhv,spotify:track:1SWVDBtw6h3tm9OehOkDhv,https://api.spotify.com/v1/tracks/1SWVDBtw6h3tm9OehOkDhv,https://api.spotify.com/v1/audio-analysis/1SWVDBtw6h3tm9OehOkDhv,244200,4
0.786,0.712,3,-5.349,0,0.0677,0.0696,0.0,0.236,0.795,130.144,audio_features,4v0VS33GYfTje16Q0ArRx6,spotify:track:4v0VS33GYfTje16Q0ArRx6,https://api.spotify.com/v1/tracks/4v0VS33GYfTje16Q0ArRx6,https://api.spotify.com/v1/audio-analysis/4v0VS33GYfTje16Q0ArRx6,180231,4
0.866,0.563,6,-6.965,0,0.102,0.187,0.0,0.0888,0.309,127.905,audio_features,1S1bZVv8sqYY39S6KWchuk,spotify:track:1S1bZVv8sqYY39S6KWchuk,https://api.spotify.com/v1/tracks/1S1bZVv8sqYY39S6KWchuk,https://api.spotify.com/v1/audio-analysis/1S1bZVv8sqYY39S6KWchuk,161668,4
0.696,0.923,6,-8.385,1,0.0437,0.0308,0.00283,0.336,0.705,131.641,audio_features,4wiK80ShlOfbJYoEKplXab,spotify:track:4wiK80ShlOfbJYoEKplXab,https://api.spotify.com/v1/tracks/4wiK80ShlOfbJYoEKplXab,https://api.spotify.com/v1/audio-analysis/4wiK80ShlOfbJYoEKplXab,198067,4
0.801,0.985,7,-2.69,1,0.0647,0.0205,6.86e-06,0.297,0.72,127.99,audio_features,3wLPRjw2XQpmowqXUXb3UF,spotify:track:3wLPRjw2XQpmowqXUXb3UF,https://api.spotify.com/v1/tracks/3wLPRjw2XQpmowqXUXb3UF,https://api.spotify.com/v1/audio-analysis/3wLPRjw2XQpmowqXUXb3UF,166933,4
0.734,0.848,1,-5.285,0,0.0309,0.00312,1.16e-05,0.313,0.863,117.31,audio_features,2Za2mUwmQoSxWPscaY2vxl,spotify:track:2Za2mUwmQoSxWPscaY2vxl,https://api.spotify.com/v1/tracks/2Za2mUwmQoSxWPscaY2vxl,https://api.spotify.com/v1/audio-analysis/2Za2mUwmQoSxWPscaY2vxl,230013,4
0.737,0.846,1,-4.51,0,0.22,0.00614,0.0,0.0486,0.546,87.981,audio_features,0e8nrvls4Qqv5Rfa2UhqmO,spotify:track:0e8nrvls4Qqv5Rfa2UhqmO,https://api.spotify.com/v1/tracks/0e8nrvls4Qqv5Rfa2UhqmO,https://api.spotify.com/v1/audio-analysis/0e8nrvls4Qqv5Rfa2UhqmO,143901,4
0.82,0.696,7,-4.918,0,0.182,0.119,0.0,0.231,0.617,144.981,audio_features,4YkwUfWSIxdKNLDXw0caFO,spotify:track:4YkwUfWSIxdKNLDXw0caFO,https://api.spotify.com/v1/tracks/4YkwUfWSIxdKNLDXw0caFO,https://api.spotify.com/v1/audio-analysis/4YkwUfWSIxdKNLDXw0caFO,292910,4
0.779,0.963,2,-2.125,0,0.0399,0.0334,0.493,0.664,0.759,127.941,audio_features,36cmM3MBMWWCFIiQ90U4J8,spotify:track:36cmM3MBMWWCFIiQ90U4J8,https://api.spotify.com/v1/tracks/36cmM3MBMWWCFIiQ90U4J8,https://api.spotify.com/v1/audio-analysis/36cmM3MBMWWCFIiQ90U4J8,222187,4
0.699,0.529,2,-7.548,1,0.0487,0.0317,3.59e-05,0.285,0.121,119.987,audio_features,3DmW6y7wTEYHJZlLo1r6XJ,spotify:track:3DmW6y7wTEYHJZlLo1r6XJ,https://api.spotify.com/v1/tracks/3DmW6y7wTEYHJZlLo1r6XJ,https://api.spotify.com/v1/audio-analysis/3DmW6y7wTEYHJZlLo1r6XJ,206167,4
0.872,0.525,11,-6.374,1,0.419,0.272,1.76e-06,0.0691,0.701,144.941,audio_features,1DxRMgLoWXgmIFF2Unp5pD,spotify:track:1DxRMgLoWXgmIFF2Unp5pD,https://api.spotify.com/v1/tracks/1DxRMgLoWXgmIFF2Unp5pD,https://api.spotify.com/v1/audio-analysis/1DxRMgLoWXgmIFF2Unp5pD,160552,4
0.673,0.903,5,-2.21,1,0.338,0.618,4.23e-06,0.147,0.823,156.256,audio_features,1dJYA67PSJojZSaxQwwm90,spotify:track:1dJYA67PSJojZSaxQwwm90,https://api.spotify.com/v1/tracks/1dJYA67PSJojZSaxQwwm90,https://api.spotify.com/v1/audio-analysis/1dJYA67PSJojZSaxQwwm90,70208,4
0.671,0.939,8,-3.206,1,0.161,0.191,0.0,0.298,0.53,129.024,audio_features,4QNpBfC0zvjKqPJcyqBy9W,spotify:track:4QNpBfC0zvjKqPJcyqBy9W,https://api.spotify.com/v1/tracks/4QNpBfC0zvjKqPJcyqBy9W,https://api.spotify.com/v1/audio-analysis/4QNpBfC0zvjKqPJcyqBy9W,252307,4
0.689,0.784,2,-2.972,1,0.074,0.182,0.0,0.0843,0.561,99.954,audio_features,6DkXLzBQT7cwXmTyzAB1DJ,spotify:track:6DkXLzBQT7cwXmTyzAB1DJ,https://api.spotify.com/v1/tracks/6DkXLzBQT7cwXmTyzAB1DJ,https://api.spotify.com/v1/audio-analysis/6DkXLzBQT7cwXmTyzAB1DJ,263173,4
0.796,0.777,6,-4.81,1,0.0397,0.0261,0.000358,0.121,0.787,132.722,audio_features,4wH4dJgrsxONID6KS2tDQM,spotify:track:4wH4dJgrsxONID6KS2tDQM,https://api.spotify.com/v1/tracks/4wH4dJgrsxONID6KS2tDQM,https://api.spotify.com/v1/audio-analysis/4wH4dJgrsxONID6KS2tDQM,258893,4
0.524,0.523,8,-9.957,1,0.0338,0.137,0.0,0.133,0.402,147.059,audio_features,1MXnMdktScmuPOWhXe9kHw,spotify:track:1MXnMdktScmuPOWhXe9kHw,https://api.spotify.com/v1/tracks/1MXnMdktScmuPOWhXe9kHw,https://api.spotify.com/v1/audio-analysis/1MXnMdktScmuPOWhXe9kHw,207133,4
0.528,0.435,8,-13.282,1,0.0391,0.48,0.0,0.417,0.477,147.274,audio_features,0xL3tjPSUJncbnIOn1uPhZ,spotify:track:0xL3tjPSUJncbnIOn1uPhZ,https://api.spotify.com/v1/tracks/0xL3tjPSUJncbnIOn1uPhZ,https://api.spotify.com/v1/audio-analysis/0xL3tjPSUJncbnIOn1uPhZ,206467,4
0.527,0.405,8,-14.534,1,0.0385,0.49,0.0,0.0936,0.439,146.721,audio_features,16ShgoIW9TtfzUFHOJJIvC,spotify:track:16ShgoIW9TtfzUFHOJJIvC,https://api.spotify.com/v1/tracks/16ShgoIW9TtfzUFHOJJIvC,https://api.spotify.com/v1/audio-analysis/16ShgoIW9TtfzUFHOJJIvC,209200,4
0.742,0.595,9,-7.51,1,0.107,0.15,0.0,0.111,0.431,101.013,audio_features,3jVtllWS5CFFWLQng8sKsr,spotify:track:3jVtllWS5CFFWLQng8sKsr,https://api.spotify.com/v1/tracks/3jVtllWS5CFFWLQng8sKsr,https://api.spotify.com/v1/audio-analysis/3jVtllWS5CFFWLQng8sKsr,227000,4
0.743,0.766,0,-6.375,1,0.0265,0.0873,0.0,0.509,0.61,127.96,audio_features,4kLLWz7srcuLKA7Et40PQR,spotify:track:4kLLWz7srcuLKA7Et40PQR,https://api.spotify.com/v1/tracks/4kLLWz7srcuLKA7Et40PQR,https://api.spotify.com/v1/audio-analysis/4kLLWz7srcuLKA7Et40PQR,289133,4
0.738,0.74,10,-5.844,0,0.0814,0.115,0.0,0.117,0.549,119.989,audio_features,0qMAJBLMTshMx03CJkJl6O,spotify:track:0qMAJBLMTshMx03CJkJl6O,https://api.spotify.com/v1/tracks/0qMAJBLMTshMx03CJkJl6O,https://api.spotify.com/v1/audio-analysis/0qMAJBLMTshMx03CJkJl6O,204176,4
0.668,0.857,7,-2.944,0,0.0535,0.0191,6.71e-06,0.0385,0.748,131.959,audio_features,16Of7eeW44kt0a1M0nitHM,spotify:track:16Of7eeW44kt0a1M0nitHM,https://api.spotify.com/v1/tracks/16Of7eeW44kt0a1M0nitHM,https://api.spotify.com/v1/audio-analysis/16Of7eeW44kt0a1M0nitHM,215693,4
0.773,0.969,1,-5.67,1,0.0715,0.0632,0.0284,0.0661,0.53,125.013,audio_features,2bgGETGKhv7V0WwQzzWqwc,spotify:track:2bgGETGKhv7V0WwQzzWqwc,https://api.spotify.com/v1/tracks/2bgGETGKhv7V0WwQzzWqwc,https://api.spotify.com/v1/audio-analysis/2bgGETGKhv7V0WwQzzWqwc,152495,4
0.646,0.741,5,-4.973,0,0.034,0.0275,0.0,0.312,0.571,123.077,audio_features,6h5PAsRni4IRlxWr6uDPTP,spotify:track:6h5PAsRni4IRlxWr6uDPTP,https://api.spotify.com/v1/tracks/6h5PAsRni4IRlxWr6uDPTP,https://api.spotify.com/v1/audio-analysis/6h5PAsRni4IRlxWr6uDPTP,203000,4
